State,District,Name,Party,Office Room,Phone,Committee 1,Committee 2,Committee 3,Committee 4
Alabama,1st,"Carl, Jerry",R,1330 LHOB,(202) 225-4931,Appropriations,Natural Resources,,
Alabama,2nd,"Moore, Barry",R,1504 LHOB,(202) 225-2901,Agriculture,Judiciary,,
Alabama,3rd,"Rogers, Mike",R,2469 RHOB,(202) 225-3261,Armed Services,,,
Alabama,4th,"Aderholt, Robert",R,266 CHOB,(202) 225-4876,Appropriations,,,
Alabama,5th,"Strong, Dale",R,1337 LHOB,(202) 225-4801,Armed Services,Homeland Security,"Science, Space, and Technology",
Alabama,6th,"Palmer, Gary",R,170 CHOB,(202) 225-4921,Oversight and Accountability,Energy and Commerce,,
Alabama,7th,"Sewell, Terri",D,1035 LHOB,(202) 225-2665,Armed Services,House Administration,Joint Committee of Congress on the Library,Ways and Means
Alaska,At Large,"Peltola, Mary",D,153 CHOB,(202) 225-5765,Natural Resources,Transportation and Infrastructure,,
American Samoa,Delegate,"Radewagen, Aumua Amata",R,2001 RHOB,(202) 225-8577,Foreign Affairs,Natural Resources,Veterans' Affairs,
Arizona,1st,"Schweikert, David",R,460 CHOB,(202) 225-2190,Ways and Means,,,
Arizona,2nd,"Crane, Elijah",R,1229 LHOB,(202) 225-3361,Homeland Security,Small Business,Veterans' Affairs,
Arizona,3rd,"Gallego, Ruben",D,1114 LHOB,(202) 225-4065,Armed Services,Natural Resources,,
Arizona,4th,"Stanton, Greg",D,207 CHOB,(202) 225-9888,Foreign Affairs,Transportation and Infrastructure,,
Arizona,5th,"Biggs, Andy",R,252 CHOB,(202) 225-2635,Oversight and Accountability,Judiciary,,
Arizona,6th,"Ciscomani, Juan",R,1429 LHOB,(202) 225-2542,Appropriations,Veterans' Affairs,,
Arizona,7th,"Grijalva, Raul",D,1203 LHOB,(202) 225-2435,Education and the Workforce,Natural Resources,,
Arizona,8th,"Lesko, Debbie",R,1214 LHOB,(202) 225-4576,Energy and Commerce,Select Subcommittee on the Coronavirus Pandemic,,
Arizona,9th,"Gosar, Paul",R,2057 RHOB,(202) 225-2315,Oversight and Accountability,Natural Resources,,
Arkansas,1st,"Crawford, Eric",R,2422 RHOB,(202) 225-4076,Agriculture,Intelligence,Transportation and Infrastructure,"Science, Space, and Technology"
Arkansas,2nd,"Hill, J.",R,1533 LHOB,(202) 225-2506,Financial Services,Foreign Affairs,Intelligence,
Arkansas,3rd,"Womack, Steve",R,2412 RHOB,(202) 225-4301,Appropriations,,,
Arkansas,4th,"Westerman, Bruce",R,202 CHOB,(202) 225-3772,Natural Resources,Transportation and Infrastructure,,
California,1st,"LaMalfa, Doug",R,408 CHOB,(202) 225-3076,Agriculture,Natural Resources,Transportation and Infrastructure,
California,2nd,"Huffman, Jared",D,2445 RHOB,(202) 225-5161,Natural Resources,Transportation and Infrastructure,,
California,3rd,"Kiley, Kevin",R,1032 LHOB,(202) 225-2523,Education and the Workforce,Judiciary,,
California,4th,"Thompson, Mike",D,268 CHOB,(202) 225-3311,Ways and Means,,,
California,5th,"McClintock, Tom",R,2256 RHOB,(202) 225-2511,Budget,Natural Resources,Judiciary,
California,6th,"Bera, Ami",D,172 CHOB,(202) 225-5716,Foreign Affairs,Intelligence,Select Subcommittee on the Coronavirus Pandemic,
California,7th,"Matsui, Doris",D,2311 RHOB,(202) 225-7163,Energy and Commerce,,,
California,8th,"Garamendi, John",D,2004 RHOB,(202) 225-1880,Armed Services,Select Subcommittee on the Weaponization of the Fed Govt,Transportation and Infrastructure,
California,9th,"Harder, Josh",D,209 CHOB,(202) 225-4540,Appropriations,,,
California,10th,"DeSaulnier, Mark",D,503 CHOB,(202) 225-2095,Education and the Workforce,Transportation and Infrastructure,Ethics,
California,11th,"Pelosi, Nancy",D,1236 LHOB,(202) 225-4965,,,,
California,12th,"Lee, Barbara",D,2470 RHOB,(202) 225-2661,Appropriations,Budget,,
California,13th,"Duarte, John",R,1535 LHOB,(202) 225-1947,Agriculture,Natural Resources,Transportation and Infrastructure,
California,14th,"Swalwell, Eric",D,174 CHOB,(202) 225-5065,Homeland Security,Judiciary,,
California,15th,"Mullin, Kevin",D,1404 LHOB,(202) 225-3531,Natural Resources,"Science, Space, and Technology",,
California,16th,"Eshoo, Anna",D,272 CHOB,(202) 225-8104,Energy and Commerce,,,
California,17th,"Khanna, Ro",D,306 CHOB,(202) 225-2631,Armed Services,Oversight and Accountability,Select Comm on the Strategic Competition US and China,
California,18th,"Lofgren, Zoe",D,1401 LHOB,(202) 225-3072,Judiciary,"Science, Space, and Technology",,
California,19th,"Panetta, Jimmy",D,304 CHOB,(202) 225-2861,Armed Services,Budget,Ways and Means,
California,20th,"McCarthy, Kevin- Vacancy",R,2468 RHOB,(202) 225-2915,,,,
California,21st,"Costa, Jim",D,2081 RHOB,(202) 225-3341,Agriculture,Foreign Affairs,,
California,22nd,"Valadao, David",R,2465 RHOB,(202) 225-4695,Appropriations,Budget,,
California,23rd,"Obernolte, Jay",R,1029 LHOB,(202) 225-5861,Energy and Commerce,"Science, Space, and Technology",,
California,24th,"Carbajal, Salud",D,2331 RHOB,(202) 225-3601,Agriculture,Armed Services,Transportation and Infrastructure,
California,25th,"Ruiz, Raul",D,2342 RHOB,(202) 225-5330,Energy and Commerce,Select Subcommittee on the Coronavirus Pandemic,,
California,26th,"Brownley, Julia",D,2262 RHOB,(202) 225-5811,Transportation and Infrastructure,Veterans' Affairs,,
California,27th,"Garcia, Mike",R,144 CHOB,(202) 225-1956,Appropriations,Intelligence,"Science, Space, and Technology",
California,28th,"Chu, Judy",D,2423 RHOB,(202) 225-5464,Small Business,Ways and Means,,
California,29th,"Cardenas, Tony",D,2181 RHOB,(202) 225-6131,Energy and Commerce,,,
California,30th,"Schiff, Adam",D,2309 RHOB,(202) 225-4176,Judiciary,,,
California,31st,"Napolitano, Grace",D,1610 LHOB,(202) 225-5256,Natural Resources,Transportation and Infrastructure,,
California,32nd,"Sherman, Brad",D,2365 RHOB,(202) 225-5911,Financial Services,Foreign Affairs,,
California,33rd,"Aguilar, Pete",D,108 CHOB,(202) 225-3201,Appropriations,,,
California,34th,"Gomez, Jimmy",D,506 CHOB,(202) 225-6235,Intelligence,Ways and Means,,
California,35th,"Torres, Norma",D,2227 RHOB,(202) 225-6161,Appropriations,House Administration,,
California,36th,"Lieu, Ted",D,2454 RHOB,(202) 225-3976,Foreign Affairs,Judiciary,,
California,37th,"Kamlager-Dove, Sydney",D,1419 LHOB,(202) 225-7084,Foreign Affairs,Natural Resources,,
California,38th,"Sanchez, Linda",D,2428 RHOB,(202) 225-6676,Select Subcommittee on the Weaponization of the Fed Govt,Ways and Means,,
California,39th,"Takano, Mark",D,2078 RHOB,(202) 225-2305,Education and the Workforce,Veterans' Affairs,,
California,40th,"Kim, Young",R,1306 LHOB,(202) 225-4111,Financial Services,Foreign Affairs,,
California,41st,"Calvert, Ken",R,2205 RHOB,(202) 225-1986,Appropriations,,,
California,42nd,"Garcia, Robert",D,1305 LHOB,(202) 225-7924,Oversight and Accountability,Homeland Security,Select Subcommittee on the Coronavirus Pandemic,
California,43rd,"Waters, Maxine",D,2221 RHOB,(202) 225-2201,Financial Services,,,
California,44th,"Barragan, Nanette",D,2312 RHOB,(202) 225-8220,Energy and Commerce,,,
California,45th,"Steel, Michelle",R,1127 LHOB,(202) 225-2415,Education and the Workforce,Ways and Means,Select Comm on the Strategic Competition US and China,
California,46th,"Correa, J.",D,2301 RHOB,(202) 225-2965,Homeland Security,Judiciary,,
California,47th,"Porter, Katie",D,1233 LHOB,(202) 225-5611,Oversight and Accountability,Natural Resources,,
California,48th,"Issa, Darrell",R,2108 RHOB,(202) 225-5672,Foreign Affairs,Select Subcommittee on the Weaponization of the Fed Govt,Judiciary,"Science, Space, and Technology"
California,49th,"Levin, Mike",D,2352 RHOB,(202) 225-3906,Natural Resources,Veterans' Affairs,,
California,50th,"Peters, Scott",D,1201 LHOB,(202) 225-0508,Budget,Energy and Commerce,,
California,51st,"Jacobs, Sara",D,1314 LHOB,(202) 225-2040,Armed Services,Foreign Affairs,,
California,52nd,"Vargas, Juan",D,2334 RHOB,(202) 225-8045,Financial Services,,,
Colorado,1st,"DeGette, Diana",D,2111 RHOB,(202) 225-4431,Energy and Commerce,,,
Colorado,2nd,"Neguse, Joe",D,2400 RHOB,(202) 225-2161,Natural Resources,Judiciary,Rules,
Colorado,3rd,"Boebert, Lauren",R,1713 LHOB,(202) 225-4761,Oversight and Accountability,Natural Resources,,
Colorado,4th,"Buck, Ken- Vacancy",R,2455 RHOB,(202) 225-4676,,,,
Colorado,5th,"Lamborn, Doug",R,2371 RHOB,(202) 225-4422,Armed Services,Natural Resources,,
Colorado,6th,"Crow, Jason",D,1323 LHOB,(202) 225-7882,Foreign Affairs,Intelligence,,
Colorado,7th,"Pettersen, Brittany",D,1230 LHOB,(202) 225-2645,Financial Services,,,
Colorado,8th,"Caraveo, Yadira",D,1024 LHOB,(202) 225-5625,Agriculture,"Science, Space, and Technology",,
Connecticut,1st,"Larson, John",D,1501 LHOB,(202) 225-2265,Ways and Means,,,
Connecticut,2nd,"Courtney, Joe",D,2449 RHOB,(202) 225-2076,Armed Services,Education and the Workforce,,
Connecticut,3rd,"DeLauro, Rosa",D,2413 RHOB,(202) 225-3661,Appropriations,,,
Connecticut,4th,"Himes, James",D,2137 RHOB,(202) 225-5541,Financial Services,Intelligence,,
Connecticut,5th,"Hayes, Jahana",D,2458 RHOB,(202) 225-4476,Agriculture,Education and the Workforce,,
Delaware,At Large,"Blunt Rochester, Lisa",D,1724 LHOB,(202) 225-4165,Energy and Commerce,,,
District of Columbia,Delegate,"Norton, Eleanor",D,2136 RHOB,(202) 225-8050,Oversight and Accountability,Transportation and Infrastructure,,
Florida,1st,"Gaetz, Matt",R,2021 RHOB,(202) 225-4136,Armed Services,Select Subcommittee on the Weaponization of the Fed Govt,Judiciary,
Florida,2nd,"Dunn, Neal",R,466 CHOB,(202) 225-5235,Energy and Commerce,Select Comm on the Strategic Competition US and China,,
Florida,3rd,"Cammack, Kat",R,2421 RHOB,(202) 225-5744,Agriculture,Select Subcommittee on the Weaponization of the Fed Govt,Energy and Commerce,
Florida,4th,"Bean, Aaron",R,1239 LHOB,(202) 225-0123,Education and the Workforce,Transportation and Infrastructure,Small Business,
Florida,5th,"Rutherford, John",R,1711 LHOB,(202) 225-2501,Appropriations,Ethics,,
Florida,6th,"Waltz, Michael",R,244 CHOB,(202) 225-2706,Armed Services,Foreign Affairs,Oversight and Accountability,Intelligence
Florida,7th,"Mills, Cory",R,1237 LHOB,(202) 225-4035,Armed Services,Foreign Affairs,,
Florida,8th,"Posey, Bill",R,2150 RHOB,(202) 225-3671,Financial Services,"Science, Space, and Technology",,
Florida,9th,"Soto, Darren",D,2353 RHOB,(202) 225-9889,Agriculture,Energy and Commerce,,
Florida,10th,"Frost, Maxwell",D,1224 LHOB,(202) 225-2176,Oversight and Accountability,"Science, Space, and Technology",,
Florida,11th,"Webster, Daniel",R,2184 RHOB,(202) 225-1002,Natural Resources,Transportation and Infrastructure,"Science, Space, and Technology",
Florida,12th,"Bilirakis, Gus",R,2306 RHOB,(202) 225-5755,Energy and Commerce,,,
Florida,13th,"Luna, Anna Paulina",R,1017 LHOB,(202) 225-5961,Oversight and Accountability,Natural Resources,,
Florida,14th,"Castor, Kathy",D,2052 RHOB,(202) 225-3376,Energy and Commerce,Select Comm on the Strategic Competition US and China,,
Florida,15th,"Lee, Laurel",R,1118 LHOB,(202) 225-5626,House Administration,Homeland Security,Judiciary,
Florida,16th,"Buchanan, Vern",R,2110 RHOB,(202) 225-5015,Joint Committee on Taxation,Ways and Means,,
Florida,17th,"Steube, W.",R,2457 RHOB,(202) 225-5792,Select Subcommittee on the Weaponization of the Fed Govt,Ways and Means,,
Florida,18th,"Franklin, Scott",R,249 CHOB,(202) 225-1252,Appropriations,"Science, Space, and Technology",Veterans' Affairs,
Florida,19th,"Donalds, Byron",R,1719 LHOB,(202) 225-2536,Financial Services,Oversight and Accountability,,
Florida,20th,"Cherfilus-McCormick, Sheila",D,242 CHOB,(202) 225-1313,Foreign Affairs,Veterans' Affairs,,
Florida,21st,"Mast, Brian",R,2182 RHOB,(202) 225-3026,Foreign Affairs,Transportation and Infrastructure,,
Florida,22nd,"Frankel, Lois",D,2305 RHOB,(202) 225-9890,Appropriations,,,
Florida,23rd,"Moskowitz, Jared",D,1130 LHOB,(202) 225-3001,Foreign Affairs,Oversight and Accountability,,
Florida,24th,"Wilson, Frederica",D,2080 RHOB,(202) 225-4506,Education and the Workforce,Transportation and Infrastructure,,
Florida,25th,"Wasserman Schultz, Debbie",D,270 CHOB,(202) 225-7931,Appropriations,Select Subcommittee on the Weaponization of the Fed Govt,,
Florida,26th,"Diaz-Balart, Mario",R,374 CHOB,(202) 225-4211,Appropriations,,,
Florida,27th,"Salazar, Maria",R,2162 RHOB,(202) 225-3931,Foreign Affairs,Small Business,,
Florida,28th,"Gimenez, Carlos",R,448 CHOB,(202) 225-2778,Armed Services,Homeland Security,Select Comm on the Strategic Competition US and China,
Georgia,1st,"Carter, Earl",R,2432 RHOB,(202) 225-5831,Budget,Energy and Commerce,,
Georgia,2nd,"Bishop, Sanford",D,2407 RHOB,(202) 225-3631,Agriculture,Appropriations,,
Georgia,3rd,"Ferguson, A.",R,2239 RHOB,(202) 225-5901,Budget,Ways and Means,,
Georgia,4th,"Johnson, Henry",D,2240 RHOB,(202) 225-1605,Judiciary,Transportation and Infrastructure,,
Georgia,5th,"Williams, Nikema",D,1406 LHOB,(202) 225-3801,Financial Services,,,
Georgia,6th,"McCormick, Richard",R,1213 LHOB,(202) 225-4272,Armed Services,Foreign Affairs,"Science, Space, and Technology",Select Subcommittee on the Coronavirus Pandemic
Georgia,7th,"McBath, Lucy",D,2246 RHOB,(202) 225-4501,Education and the Workforce,Judiciary,,
Georgia,8th,"Scott, Austin",R,2185 RHOB,(202) 225-6531,Agriculture,Armed Services,Intelligence,
Georgia,9th,"Clyde, Andrew",R,445 CHOB,(202) 225-9893,Appropriations,,,
Georgia,10th,"Collins, Mike",R,1223 LHOB,(202) 225-4101,Natural Resources,Transportation and Infrastructure,"Science, Space, and Technology",
Georgia,11th,"Loudermilk, Barry",R,2133 RHOB,(202) 225-2931,Financial Services,House Administration,,
Georgia,12th,"Allen, Rick",R,462 CHOB,(202) 225-2823,Education and the Workforce,Energy and Commerce,,
Georgia,13th,"Scott, David",D,468 CHOB,(202) 225-2939,Agriculture,Financial Services,,
Georgia,14th,"Greene, Marjorie",R,403 CHOB,(202) 225-5211,Oversight and Accountability,Homeland Security,Select Subcommittee on the Coronavirus Pandemic,
Guam,Delegate,"Moylan, James",R,1628 LHOB,(202) 225-1188,Armed Services,Natural Resources,,
Hawaii,1st,"Case, Ed",D,2210 RHOB,(202) 225-2726,Appropriations,Natural Resources,,
Hawaii,2nd,"Tokuda, Jill",D,1005 LHOB,(202) 225-4906,Agriculture,Armed Services,Select Subcommittee on the Coronavirus Pandemic,
Idaho,1st,"Fulcher, Russ",R,1514 LHOB,(202) 225-6611,Energy and Commerce,Natural Resources,,
Idaho,2nd,"Simpson, Michael",R,2084 RHOB,(202) 225-5531,Appropriations,,,
Illinois,1st,"Jackson, Jonathan",D,1641 LHOB,(202) 225-4372,Agriculture,Foreign Affairs,,
Illinois,2nd,"Kelly, Robin",D,2329 RHOB,(202) 225-0773,Energy and Commerce,,,
Illinois,3rd,"Ramirez, Delia",D,1523 LHOB,(202) 225-5701,Homeland Security,Veterans' Affairs,,
Illinois,4th,"Garcia, Jesus",D,1519 LHOB,(202) 225-8203,Transportation and Infrastructure,,,
Illinois,5th,"Quigley, Mike",D,2083 RHOB,(202) 225-4061,Appropriations,,,
Illinois,6th,"Casten, Sean",D,2440 RHOB,(202) 225-4561,Financial Services,"Science, Space, and Technology",,
Illinois,7th,"Davis, Danny",D,2159 RHOB,(202) 225-5006,Ways and Means,,,
Illinois,8th,"Krishnamoorthi, Raja",D,2367 RHOB,(202) 225-3711,Oversight and Accountability,Intelligence,Select Comm on the Strategic Competition US and China,
Illinois,9th,"Schakowsky, Janice",D,2408 RHOB,(202) 225-2111,Budget,Energy and Commerce,,
Illinois,10th,"Schneider, Bradley",D,300 CHOB,(202) 225-4835,Foreign Affairs,Ways and Means,,
Illinois,11th,"Foster, Bill",D,2366 RHOB,(202) 225-3515,Financial Services,,,
Illinois,12th,"Bost, Mike",R,352 CHOB,(202) 225-5661,Agriculture,Transportation and Infrastructure,Veterans' Affairs,
Illinois,13th,"Budzinski, Nikki",D,1009 LHOB,(202) 225-2371,Agriculture,Veterans' Affairs,,
Illinois,14th,"Underwood, Lauren",D,1410 LHOB,(202) 225-2976,Appropriations,,,
Illinois,15th,"Miller, Mary",R,1740 LHOB,(202) 225-5271,Agriculture,Education and the Workforce,,
Illinois,16th,"LaHood, Darin",R,1424 LHOB,(202) 225-6201,Intelligence,Ways and Means,Select Comm on the Strategic Competition US and China,
Illinois,17th,"Sorensen, Eric",D,1205 LHOB,(202) 225-5905,Agriculture,"Science, Space, and Technology",,
Indiana,1st,"Mrvan, Frank",D,1607 LHOB,(202) 225-2461,Education and the Workforce,Veterans' Affairs,,
Indiana,2nd,"Yakym, Rudy",R,349 CHOB,(202) 225-3915,Budget,Transportation and Infrastructure,,
Indiana,3rd,"Banks, Jim",R,2418 RHOB,(202) 225-4436,Armed Services,Education and the Workforce,Select Comm on the Strategic Competition US and China,
Indiana,4th,"Baird, James",R,2303 RHOB,(202) 225-5037,Agriculture,Foreign Affairs,"Science, Space, and Technology",
Indiana,5th,"Spartz, Victoria",R,1609 LHOB,(202) 225-2276,Judiciary,,,
Indiana,6th,"Pence, Greg",R,404 CHOB,(202) 225-3021,Energy and Commerce,,,
Indiana,7th,"Carson, Andre",D,2135 RHOB,(202) 225-4011,Intelligence,Transportation and Infrastructure,Select Comm on the Strategic Competition US and China,
Indiana,8th,"Bucshon, Larry",R,2313 RHOB,(202) 225-4636,Energy and Commerce,,,
Indiana,9th,"Houchin, Erin",R,1632 LHOB,(202) 225-5315,Financial Services,Education and the Workforce,Rules,
Iowa,1st,"Miller-Meeks, Mariannette",R,1034 LHOB,(202) 225-6576,Energy and Commerce,Select Subcommittee on the Coronavirus Pandemic,Veterans' Affairs,
Iowa,2nd,"Hinson, Ashley",R,1717 LHOB,(202) 225-2911,Appropriations,Select Comm on the Strategic Competition US and China,,
Iowa,3rd,"Nunn, Zachary",R,1232 LHOB,(202) 225-5476,Agriculture,Financial Services,,
Iowa,4th,"Feenstra, Randy",R,1440 LHOB,(202) 225-4426,Agriculture,Ways and Means,,
Kansas,1st,"Mann, Tracey",R,344 CHOB,(202) 225-2715,Agriculture,Transportation and Infrastructure,Small Business,
Kansas,2nd,"LaTurner, Jake",R,2441 RHOB,(202) 225-6601,Appropriations,Oversight and Accountability,,
Kansas,3rd,"Davids, Sharice",D,2435 RHOB,(202) 225-2865,Agriculture,Transportation and Infrastructure,Small Business,
Kansas,4th,"Estes, Ron",R,2234 RHOB,(202) 225-6216,Budget,Education and the Workforce,Ways and Means,
Kentucky,1st,"Comer, James",R,2410 RHOB,(202) 225-3115,Education and the Workforce,Oversight and Accountability,,
Kentucky,2nd,"Guthrie, Brett",R,2434 RHOB,(202) 225-3501,Energy and Commerce,,,
Kentucky,3rd,"McGarvey, Morgan",D,1527 LHOB,(202) 225-5401,Small Business,Veterans' Affairs,,
Kentucky,4th,"Massie, Thomas",R,2453 RHOB,(202) 225-3465,Select Subcommittee on the Weaponization of the Fed Govt,Judiciary,Transportation and Infrastructure,Rules
Kentucky,5th,"Rogers, Harold",R,2406 RHOB,(202) 225-4601,Appropriations,,,
Kentucky,6th,"Barr, Andy",R,2430 RHOB,(202) 225-4706,Financial Services,Foreign Affairs,Select Comm on the Strategic Competition US and China,
Louisiana,1st,"Scalise, Steve",R,2049 RHOB,(202) 225-3015,,,,
Louisiana,2nd,"Carter, Troy",D,442 CHOB,(202) 225-6636,Homeland Security,Transportation and Infrastructure,,
Louisiana,3rd,"Higgins, Clay",R,572 CHOB,(202) 225-2031,Oversight and Accountability,Homeland Security,,
Louisiana,4th,"Johnson, Mike",R,568 CHOB,(202) 225-2777,,,,
Louisiana,5th,"Letlow, Julia",R,142 CHOB,(202) 225-8490,Appropriations,Education and the Workforce,,
Louisiana,6th,"Graves, Garret",R,2402 RHOB,(202) 225-3901,Natural Resources,Transportation and Infrastructure,,
Maine,1st,"Pingree, Chellie",D,2354 RHOB,(202) 225-6116,Agriculture,Appropriations,,
Maine,2nd,"Golden, Jared",D,1710 LHOB,(202) 225-6306,Armed Services,Small Business,,
Maryland,1st,"Harris, Andy",R,1536 LHOB,(202) 225-5311,Appropriations,,,
Maryland,2nd,"Ruppersberger, C.",D,2206 RHOB,(202) 225-3061,Appropriations,,,
Maryland,3rd,"Sarbanes, John",D,2370 RHOB,(202) 225-4016,Energy and Commerce,,,
Maryland,4th,"Ivey, Glenn",D,1529 LHOB,(202) 225-8699,Homeland Security,Judiciary,Ethics,
Maryland,5th,"Hoyer, Steny",D,1705 LHOB,(202) 225-4131,Appropriations,,,
Maryland,6th,"Trone, David",D,2404 RHOB,(202) 225-2721,Appropriations,Budget,,
Maryland,7th,"Mfume, Kweisi",D,2263 RHOB,(202) 225-4741,Oversight and Accountability,Small Business,Select Subcommittee on the Coronavirus Pandemic,
Maryland,8th,"Raskin, Jamie",D,2242 RHOB,(202) 225-5341,Oversight and Accountability,,,
Massachusetts,1st,"Neal, Richard",D,372 CHOB,(202) 225-5601,Joint Committee on Taxation,Ways and Means,,
Massachusetts,2nd,"McGovern, James",D,370 CHOB,(202) 225-6101,Agriculture,Rules,,
Massachusetts,3rd,"Trahan, Lori",D,2439 RHOB,(202) 225-3411,Energy and Commerce,,,
Massachusetts,4th,"Auchincloss, Jake",D,1524 LHOB,(202) 225-5931,Transportation and Infrastructure,Select Comm on the Strategic Competition US and China,,
Massachusetts,5th,"Clark, Katherine",D,2368 RHOB,(202) 225-2836,,,,
Massachusetts,6th,"Moulton, Seth",D,1126 LHOB,(202) 225-8020,Armed Services,Transportation and Infrastructure,Select Comm on the Strategic Competition US and China,
Massachusetts,7th,"Pressley, Ayanna",D,402 CHOB,(202) 225-5111,Financial Services,Oversight and Accountability,,
Massachusetts,8th,"Lynch, Stephen",D,2109 RHOB,(202) 225-8273,Financial Services,Select Subcommittee on the Weaponization of the Fed Govt,Oversight and Accountability,
Massachusetts,9th,"Keating, William",D,2351 RHOB,(202) 225-3111,Armed Services,Foreign Affairs,,
Michigan,1st,"Bergman, Jack",R,566 CHOB,(202) 225-4735,Armed Services,Budget,Veterans' Affairs,
Michigan,2nd,"Moolenaar, John",R,246 CHOB,(202) 225-3561,Appropriations,Select Comm on the Strategic Competition US and China,,
Michigan,3rd,"Scholten, Hillary",D,1317 LHOB,(202) 225-3831,Transportation and Infrastructure,Small Business,,
Michigan,4th,"Huizenga, Bill",R,2232 RHOB,(202) 225-4401,Financial Services,Foreign Affairs,,
Michigan,5th,"Walberg, Tim",R,2266 RHOB,(202) 225-6276,Education and the Workforce,Energy and Commerce,,
Michigan,6th,"Dingell, Debbie",D,102 CHOB,(202) 225-4071,Energy and Commerce,Natural Resources,Select Subcommittee on the Coronavirus Pandemic,
Michigan,7th,"Slotkin, Elissa",D,2245 RHOB,(202) 225-4872,Agriculture,Armed Services,,
Michigan,8th,"Kildee, Daniel",D,200 CHOB,(202) 225-3611,Budget,Ways and Means,,
Michigan,9th,"McClain, Lisa",R,444 CHOB,(202) 225-2106,Armed Services,Budget,Education and the Workforce,Oversight and Accountability
Michigan,10th,"James, John",R,1319 LHOB,(202) 225-4961,Education and the Workforce,Foreign Affairs,Transportation and Infrastructure,
Michigan,11th,"Stevens, Haley",D,2411 RHOB,(202) 225-8171,Education and the Workforce,"Science, Space, and Technology",Select Comm on the Strategic Competition US and China,
Michigan,12th,"Tlaib, Rashida",D,2438 RHOB,(202) 225-5126,Financial Services,Oversight and Accountability,,
Michigan,13th,"Thanedar, Shri",D,1039 LHOB,(202) 225-5802,Homeland Security,Small Business,,
Minnesota,1st,"Finstad, Brad",R,1605 LHOB,(202) 225-2472,Agriculture,Armed Services,,
Minnesota,2nd,"Craig, Angie",D,2442 RHOB,(202) 225-2271,Agriculture,Energy and Commerce,,
Minnesota,3rd,"Phillips, Dean",D,2452 RHOB,(202) 225-2871,Foreign Affairs,Small Business,,
Minnesota,4th,"McCollum, Betty",D,2426 RHOB,(202) 225-6631,Appropriations,,,
Minnesota,5th,"Omar, Ilhan",D,1730 LHOB,(202) 225-4755,Budget,Education and the Workforce,,
Minnesota,6th,"Emmer, Tom",R,464 CHOB,(202) 225-2331,Financial Services,,,
Minnesota,7th,"Fischbach, Michelle",R,1004 LHOB,(202) 225-2165,Budget,Rules,Ethics,Ways and Means
Minnesota,8th,"Stauber, Pete",R,145 CHOB,(202) 225-6211,Natural Resources,Transportation and Infrastructure,Small Business,
Mississippi,1st,"Kelly, Trent",R,2243 RHOB,(202) 225-4306,Agriculture,Armed Services,Intelligence,
Mississippi,2nd,"Thompson, Bennie",D,2466 RHOB,(202) 225-5876,Homeland Security,,,
Mississippi,3rd,"Guest, Michael",R,450 CHOB,(202) 225-5031,Appropriations,Homeland Security,Ethics,
Mississippi,4th,"Ezell, Mike",R,443 CHOB,(202) 225-5772,Homeland Security,Transportation and Infrastructure,,
Missouri,1st,"Bush, Cori",D,2463 RHOB,(202) 225-2406,Oversight and Accountability,Judiciary,,
Missouri,2nd,"Wagner, Ann",R,2350 RHOB,(202) 225-1621,Financial Services,Foreign Affairs,,
Missouri,3rd,"Luetkemeyer, Blaine",R,2230 RHOB,(202) 225-2956,Financial Services,Small Business,Select Comm on the Strategic Competition US and China,
Missouri,4th,"Alford, Mark",R,1516 LHOB,(202) 225-2876,Agriculture,Armed Services,Small Business,
Missouri,5th,"Cleaver, Emanuel",D,2217 RHOB,(202) 225-4535,Financial Services,,,
Missouri,6th,"Graves, Sam",R,1135 LHOB,(202) 225-7041,Armed Services,Transportation and Infrastructure,,
Missouri,7th,"Burlison, Eric",R,1108 LHOB,(202) 225-6536,Education and the Workforce,Oversight and Accountability,Transportation and Infrastructure,
Missouri,8th,"Smith, Jason",R,1011 LHOB,(202) 225-4404,Joint Committee on Taxation,Ways and Means,,
Montana,1st,"Zinke, Ryan",R,512 CHOB,(202) 225-5628,Appropriations,"Science, Space, and Technology",,
Montana,2nd,"Rosendale, Matthew",R,1023 LHOB,(202) 225-3211,Natural Resources,Veterans' Affairs,,
Nebraska,1st,"Flood, Mike",R,343 CHOB,(202) 225-4806,Financial Services,,,
Nebraska,2nd,"Bacon, Don",R,2104 RHOB,(202) 225-4155,Agriculture,Armed Services,,
Nebraska,3rd,"Smith, Adrian",R,502 CHOB,(202) 225-6435,Joint Committee on Taxation,Ways and Means,,
Nevada,1st,"Titus, Dina",D,2464 RHOB,(202) 225-5965,Foreign Affairs,Transportation and Infrastructure,,
Nevada,2nd,"Amodei, Mark",R,104 CHOB,(202) 225-6155,Appropriations,Joint Committee of Congress on the Library,,
Nevada,3rd,"Lee, Susie",D,365 CHOB,(202) 225-3252,Appropriations,Natural Resources,,
Nevada,4th,"Horsford, Steven",D,406 CHOB,(202) 225-9894,Armed Services,Financial Services,,
New Hampshire,1st,"Pappas, Chris",D,452 CHOB,(202) 225-5456,Transportation and Infrastructure,Small Business,Veterans' Affairs,
New Hampshire,2nd,"Kuster, Ann",D,2201 RHOB,(202) 225-5206,Energy and Commerce,,,
New Jersey,1st,"Norcross, Donald",D,2427 RHOB,(202) 225-6501,Armed Services,Education and the Workforce,,
New Jersey,2nd,"Van Drew, Jefferson",R,2447 RHOB,(202) 225-6572,Judiciary,Transportation and Infrastructure,,
New Jersey,3rd,"Kim, Andy",D,2444 RHOB,(202) 225-4765,Armed Services,Foreign Affairs,Select Comm on the Strategic Competition US and China,
New Jersey,4th,"Smith, Christopher",R,2373 RHOB,(202) 225-3765,Foreign Affairs,,,
New Jersey,5th,"Gottheimer, Josh",D,203 CHOB,(202) 225-4465,Financial Services,Intelligence,,
New Jersey,6th,"Pallone, Frank",D,2107 RHOB,(202) 225-4671,Energy and Commerce,,,
New Jersey,7th,"Kean, Thomas",R,251 CHOB,(202) 225-5361,Foreign Affairs,Transportation and Infrastructure,"Science, Space, and Technology",
New Jersey,8th,"Menendez, Robert",D,1007 LHOB,(202) 225-7919,Homeland Security,Transportation and Infrastructure,,
New Jersey,9th,"Pascrell, Bill",D,2409 RHOB,(202) 225-5751,Ways and Means,,,
New Jersey,10th,"Payne, Donald",D,106 CHOB,(202) 225-3436,Homeland Security,Transportation and Infrastructure,,
New Jersey,11th,"Sherrill, Mikie",D,1427 LHOB,(202) 225-5034,Armed Services,Select Comm on the Strategic Competition US and China,,
New Jersey,12th,"Watson Coleman, Bonnie",D,168 CHOB,(202) 225-5801,Appropriations,,,
New Mexico,1st,"Stansbury, Melanie",D,1421 LHOB,(202) 225-6316,Oversight and Accountability,Natural Resources,,
New Mexico,2nd,"Vasquez, Gabe",D,1517 LHOB,(202) 225-2365,Agriculture,Armed Services,,
New Mexico,3rd,"Leger Fernandez, Teresa",D,1510 LHOB,(202) 225-6190,Education and the Workforce,Natural Resources,Rules,
New York,1st,"LaLota, Nick",R,1530 LHOB,(202) 225-3826,Armed Services,Homeland Security,Small Business,
New York,2nd,"Garbarino, Andrew",R,2344 RHOB,(202) 225-7896,Financial Services,Homeland Security,Ethics,
New York,3rd,"Suozzi, Thomas R.",D,1117 LHOB,(202) 225-3335,Homeland Security,,,
New York,4th,"D'Esposito, Anthony",R,1508 LHOB,(202) 225-5516,House Administration,Homeland Security,Transportation and Infrastructure,
New York,5th,"Meeks, Gregory",D,2310 RHOB,(202) 225-3461,Financial Services,Foreign Affairs,,
New York,6th,"Meng, Grace",D,2209 RHOB,(202) 225-2601,Appropriations,,,
New York,7th,"Velazquez, Nydia",D,2302 RHOB,(202) 225-2361,Financial Services,Natural Resources,Small Business,
New York,8th,"Jeffries, Hakeem",D,2433 RHOB,(202) 225-5936,,,,
New York,9th,"Clarke, Yvette",D,2058 RHOB,(202) 225-6231,Homeland Security,Energy and Commerce,,
New York,10th,"Goldman, Daniel",D,245 CHOB,(202) 225-7944,Select Subcommittee on the Weaponization of the Fed Govt,Oversight and Accountability,Homeland Security,
New York,11th,"Malliotakis, Nicole",R,351 CHOB,(202) 225-3371,Select Subcommittee on the Coronavirus Pandemic,Ways and Means,,
New York,12th,"Nadler, Jerrold",D,2132 RHOB,(202) 225-5635,Judiciary,,,
New York,13th,"Espaillat, Adriano",D,2332 RHOB,(202) 225-4365,Appropriations,Budget,,
New York,14th,"Ocasio-Cortez, Alexandria",D,250 CHOB,(202) 225-3965,Oversight and Accountability,Natural Resources,,
New York,15th,"Torres, Ritchie",D,1414 LHOB,(202) 225-4361,Financial Services,Select Comm on the Strategic Competition US and China,,
New York,16th,"Bowman, Jamaal",D,345 CHOB,(202) 225-2464,Education and the Workforce,"Science, Space, and Technology",,
New York,17th,"Lawler, Michael",R,1013 LHOB,(202) 225-6506,Financial Services,Foreign Affairs,,
New York,18th,"Ryan, Patrick",D,1030 LHOB,(202) 225-5614,Armed Services,Transportation and Infrastructure,,
New York,19th,"Molinaro, Marcus",R,1207 LHOB,(202) 225-5441,Agriculture,Transportation and Infrastructure,Small Business,
New York,20th,"Tonko, Paul",D,2369 RHOB,(202) 225-5076,Energy and Commerce,"Science, Space, and Technology",,
New York,21st,"Stefanik, Elise",R,2211 RHOB,(202) 225-4611,Armed Services,Education and the Workforce,Select Subcommittee on the Weaponization of the Fed Govt,Intelligence
New York,22nd,"Williams, Brandon",R,1022 LHOB,(202) 225-3701,Education and the Workforce,Transportation and Infrastructure,"Science, Space, and Technology",
New York,23rd,"Langworthy, Nicholas",R,1630 LHOB,(202) 225-3161,Agriculture,Oversight and Accountability,Rules,
New York,24th,"Tenney, Claudia",R,2349 RHOB,(202) 225-3665,"Science, Space, and Technology",Ways and Means,,
New York,25th,"Morelle, Joseph",D,570 CHOB,(202) 225-3615,Appropriations,House Administration,Joint Committee of Congress on the Library,
New York,26th,"Higgins, Brian- Vacancy",D,2269 RHOB,(202) 225-3306,,,,
North Carolina,1st,"Davis, Donald",D,1123 LHOB,(202) 225-3101,Agriculture,Armed Services,,
North Carolina,2nd,"Ross, Deborah",D,1221 LHOB,(202) 225-3032,Judiciary,Ethics,"Science, Space, and Technology",Select Subcommittee on the Coronavirus Pandemic
North Carolina,3rd,"Murphy, Gregory",R,407 CHOB,(202) 225-3415,House Administration,Veterans' Affairs,Ways and Means,
North Carolina,4th,"Foushee, Valerie",D,1716 LHOB,(202) 225-1784,Transportation and Infrastructure,"Science, Space, and Technology",,
North Carolina,5th,"Foxx, Virginia",R,2462 RHOB,(202) 225-2071,Education and the Workforce,Oversight and Accountability,,
North Carolina,6th,"Manning, Kathy",D,307 CHOB,(202) 225-3065,Education and the Workforce,Foreign Affairs,,
North Carolina,7th,"Rouzer, David",R,2333 RHOB,(202) 225-2731,Agriculture,Transportation and Infrastructure,,
North Carolina,8th,"Bishop, Dan",R,2459 RHOB,(202) 225-1976,Select Subcommittee on the Weaponization of the Fed Govt,Homeland Security,Judiciary,
North Carolina,9th,"Hudson, Richard",R,2112 RHOB,(202) 225-3715,Energy and Commerce,,,
North Carolina,10th,"McHenry, Patrick",R,2134 RHOB,(202) 225-2576,Financial Services,,,
North Carolina,11th,"Edwards, Chuck",R,1505 LHOB,(202) 225-6401,Appropriations,Budget,,
North Carolina,12th,"Adams, Alma",D,2436 RHOB,(202) 225-1510,Agriculture,Education and the Workforce,,
North Carolina,13th,"Nickel, Wiley",D,1133 LHOB,(202) 225-4531,Financial Services,,,
North Carolina,14th,"Jackson, Jeff",D,1318 LHOB,(202) 225-5634,Armed Services,"Science, Space, and Technology",,
North Dakota,At Large,"Armstrong, Kelly",R,2235 RHOB,(202) 225-2611,Select Subcommittee on the Weaponization of the Fed Govt,Energy and Commerce,Judiciary,
Northern Mariana Islands,Delegate,"Sablan, Gregorio",D,2267 RHOB,(202) 225-2646,Education and the Workforce,Natural Resources,,
Ohio,1st,"Landsman, Greg",D,1432 LHOB,(202) 225-2216,Small Business,Veterans' Affairs,,
Ohio,2nd,"Wenstrup, Brad",R,2335 RHOB,(202) 225-3164,Intelligence,Select Subcommittee on the Coronavirus Pandemic,Ways and Means,
Ohio,3rd,"Beatty, Joyce",D,2079 RHOB,(202) 225-4324,Financial Services,,,
Ohio,4th,"Jordan, Jim",R,2056 RHOB,(202) 225-2676,Select Subcommittee on the Weaponization of the Fed Govt,Oversight and Accountability,Judiciary,
Ohio,5th,"Latta, Robert",R,2467 RHOB,(202) 225-6405,Energy and Commerce,,,
Ohio,6th,"Johnson, Bill- Vacancy",R,2082 RHOB,(202) 225-5705,,,,
Ohio,7th,"Miller, Max",R,143 CHOB,(202) 225-3876,Agriculture,"Science, Space, and Technology",,
Ohio,8th,"Davidson, Warren",R,2113 RHOB,(202) 225-6205,Financial Services,Foreign Affairs,Select Subcommittee on the Weaponization of the Fed Govt,
Ohio,9th,"Kaptur, Marcy",D,2186 RHOB,(202) 225-4146,Appropriations,,,
Ohio,10th,"Turner, Michael",R,2183 RHOB,(202) 225-6465,Armed Services,Oversight and Accountability,Intelligence,
Ohio,11th,"Brown, Shontel",D,449 CHOB,(202) 225-7032,Agriculture,Oversight and Accountability,Select Comm on the Strategic Competition US and China,
Ohio,12th,"Balderson, Troy",R,2429 RHOB,(202) 225-5355,Energy and Commerce,,,
Ohio,13th,"Sykes, Emilia",D,1217 LHOB,(202) 225-6265,Transportation and Infrastructure,"Science, Space, and Technology",,
Ohio,14th,"Joyce, David",R,2065 RHOB,(202) 225-5731,Appropriations,Ethics,,
Ohio,15th,"Carey, Mike",R,1433 LHOB,(202) 225-2015,House Administration,Joint Committee of Congress on the Library,Ways and Means,
Oklahoma,1st,"Hern, Kevin",R,1019 LHOB,(202) 225-2211,Ways and Means,,,
Oklahoma,2nd,"Brecheen, Josh",R,1208 LHOB,(202) 225-2701,Budget,Homeland Security,,
Oklahoma,3rd,"Lucas, Frank",R,2405 RHOB,(202) 225-5565,Agriculture,Financial Services,"Science, Space, and Technology",
Oklahoma,4th,"Cole, Tom",R,2207 RHOB,(202) 225-6165,Appropriations,Rules,,
Oklahoma,5th,"Bice, Stephanie",R,2437 RHOB,(202) 225-2132,Appropriations,House Administration,"Science, Space, and Technology",
Oregon,1st,"Bonamici, Suzanne",D,2231 RHOB,(202) 225-0855,Education and the Workforce,"Science, Space, and Technology",,
Oregon,2nd,"Bentz, Cliff",R,409 CHOB,(202) 225-6730,Natural Resources,Judiciary,,
Oregon,3rd,"Blumenauer, Earl",D,1111 LHOB,(202) 225-4811,Budget,Ways and Means,,
Oregon,4th,"Hoyle, Val",D,1620 LHOB,(202) 225-6416,Natural Resources,Transportation and Infrastructure,,
Oregon,5th,"Chavez-DeRemer, Lori",R,1722 LHOB,(202) 225-5711,Agriculture,Education and the Workforce,Transportation and Infrastructure,
Oregon,6th,"Salinas, Andrea",D,109 CHOB,(202) 225-5643,Agriculture,"Science, Space, and Technology",,
Pennsylvania,1st,"Fitzpatrick, Brian",R,271 CHOB,(202) 225-4276,Intelligence,Ways and Means,,
Pennsylvania,2nd,"Boyle, Brendan",D,1502 LHOB,(202) 225-6111,Budget,,,
Pennsylvania,3rd,"Evans, Dwight",D,1105 LHOB,(202) 225-4001,Ways and Means,,,
Pennsylvania,4th,"Dean, Madeleine",D,150 CHOB,(202) 225-4731,Foreign Affairs,Judiciary,,
Pennsylvania,5th,"Scanlon, Mary",D,1227 LHOB,(202) 225-2011,Judiciary,Rules,,
Pennsylvania,6th,"Houlahan, Chrissy",D,1727 LHOB,(202) 225-4315,Armed Services,Intelligence,,
Pennsylvania,7th,"Wild, Susan",D,1027 LHOB,(202) 225-6411,Education and the Workforce,Foreign Affairs,Ethics,
Pennsylvania,8th,"Cartwright, Matt",D,2102 RHOB,(202) 225-5546,Appropriations,,,
Pennsylvania,9th,"Meuser, Daniel",R,350 CHOB,(202) 225-6511,Financial Services,Small Business,,
Pennsylvania,10th,"Perry, Scott",R,2160 RHOB,(202) 225-5836,Foreign Affairs,Oversight and Accountability,Transportation and Infrastructure,
Pennsylvania,11th,"Smucker, Lloyd",R,302 CHOB,(202) 225-2411,Budget,Education and the Workforce,Ways and Means,
Pennsylvania,12th,"Lee, Summer",D,243 CHOB,(202) 225-2135,Oversight and Accountability,"Science, Space, and Technology",,
Pennsylvania,13th,"Joyce, John",R,152 CHOB,(202) 225-2431,Energy and Commerce,Select Subcommittee on the Coronavirus Pandemic,,
Pennsylvania,14th,"Reschenthaler, Guy",R,342 CHOB,(202) 225-2065,Appropriations,Rules,,
Pennsylvania,15th,"Thompson, Glenn",R,400 CHOB,(202) 225-5121,Agriculture,Education and the Workforce,,
Pennsylvania,16th,"Kelly, Mike",R,1707 LHOB,(202) 225-5406,Ways and Means,,,
Pennsylvania,17th,"Deluzio, Christopher",D,1222 LHOB,(202) 225-2301,Armed Services,Veterans' Affairs,,
Puerto Rico,Resident Commissioner,"Gonzalez-Colon, Jenniffer",R,2338 RHOB,(202) 225-2615,Natural Resources,Transportation and Infrastructure,,
Rhode Island,1st,"Amo, Gabe",D,2233 RHOB,(202) 225-4911,Foreign Affairs,"Science, Space, and Technology",,
Rhode Island,2nd,"Magaziner, Seth",D,1218 LHOB,(202) 225-2735,Homeland Security,Natural Resources,,
South Carolina,1st,"Mace, Nancy",R,1728 LHOB,(202) 225-3176,Armed Services,Oversight and Accountability,Veterans' Affairs,
South Carolina,2nd,"Wilson, Joe",R,1436 LHOB,(202) 225-2452,Armed Services,Education and the Workforce,Foreign Affairs,
South Carolina,3rd,"Duncan, Jeff",R,2229 RHOB,(202) 225-5301,Energy and Commerce,,,
South Carolina,4th,"Timmons, William",R,267 CHOB,(202) 225-6030,Financial Services,Oversight and Accountability,,
South Carolina,5th,"Norman, Ralph",R,569 CHOB,(202) 225-5501,Financial Services,Budget,Rules,
South Carolina,6th,"Clyburn, James",D,274 CHOB,(202) 225-3315,,,,
South Carolina,7th,"Fry, Russell",R,1626 LHOB,(202) 225-9895,Select Subcommittee on the Weaponization of the Fed Govt,Oversight and Accountability,Judiciary,
South Dakota,At Large,"Johnson, Dusty",R,1714 LHOB,(202) 225-2801,Agriculture,Transportation and Infrastructure,Select Comm on the Strategic Competition US and China,
Tennessee,1st,"Harshbarger, Diana",R,167 CHOB,(202) 225-6356,Energy and Commerce,,,
Tennessee,2nd,"Burchett, Tim",R,1122 LHOB,(202) 225-5435,Foreign Affairs,Oversight and Accountability,Transportation and Infrastructure,
Tennessee,3rd,"Fleischmann, Charles",R,2187 RHOB,(202) 225-3271,Appropriations,"Science, Space, and Technology",,
Tennessee,4th,"DesJarlais, Scott",R,2304 RHOB,(202) 225-6831,Agriculture,Armed Services,,
Tennessee,5th,"Ogles, Andrew",R,151 CHOB,(202) 225-4311,Financial Services,,,
Tennessee,6th,"Rose, John",R,2238 RHOB,(202) 225-4231,Agriculture,Financial Services,,
Tennessee,7th,"Green, Mark",R,2446 RHOB,(202) 225-2811,Foreign Affairs,Homeland Security,,
Tennessee,8th,"Kustoff, David",R,560 CHOB,(202) 225-4714,Ways and Means,,,
Tennessee,9th,"Cohen, Steve",D,2268 RHOB,(202) 225-3265,Judiciary,Transportation and Infrastructure,,
Texas,1st,"Moran, Nathaniel",R,1541 LHOB,(202) 225-3035,Education and the Workforce,Foreign Affairs,Judiciary,
Texas,2nd,"Crenshaw, Dan",R,248 CHOB,(202) 225-6565,Energy and Commerce,Intelligence,,
Texas,3rd,"Self, Keith",R,1113 LHOB,(202) 225-4201,Foreign Affairs,Veterans' Affairs,,
Texas,4th,"Fallon, Pat",R,2416 RHOB,(202) 225-6673,Armed Services,Oversight and Accountability,,
Texas,5th,"Gooden, Lance",R,2431 RHOB,(202) 225-3484,Armed Services,Judiciary,,
Texas,6th,"Ellzey, Jake",R,1721 LHOB,(202) 225-2002,Appropriations,Small Business,,
Texas,7th,"Fletcher, Lizzie",D,346 CHOB,(202) 225-2571,Energy and Commerce,,,
Texas,8th,"Luttrell, Morgan",R,1320 LHOB,(202) 225-4901,Armed Services,Homeland Security,Veterans' Affairs,
Texas,9th,"Green, Al",D,2347 RHOB,(202) 225-7508,Financial Services,,,
Texas,10th,"McCaul, Michael",R,2300 RHOB,(202) 225-2401,Foreign Affairs,Homeland Security,,
Texas,11th,"Pfluger, August",R,1124 LHOB,(202) 225-3605,Homeland Security,Energy and Commerce,,
Texas,12th,"Granger, Kay",R,2308 RHOB,(202) 225-5071,Appropriations,,,
Texas,13th,"Jackson, Ronny",R,446 CHOB,(202) 225-3706,Agriculture,Armed Services,Foreign Affairs,Select Subcommittee on the Coronavirus Pandemic
Texas,14th,"Weber, Randy",R,107 CHOB,(202) 225-2831,Energy and Commerce,"Science, Space, and Technology",,
Texas,15th,"De La Cruz, Monica",R,1415 LHOB,(202) 225-9901,Agriculture,Financial Services,,
Texas,16th,"Escobar, Veronica",D,2448 RHOB,(202) 225-4831,Armed Services,Judiciary,Ethics,
Texas,17th,"Sessions, Pete",R,2204 RHOB,(202) 225-6105,Financial Services,Oversight and Accountability,,
Texas,18th,"Jackson Lee, Sheila",D,2314 RHOB,(202) 225-3816,Budget,Homeland Security,Judiciary,
Texas,19th,"Arrington, Jodey",R,1107 LHOB,(202) 225-4005,Budget,Ways and Means,,
Texas,20th,"Castro, Joaquin",D,2241 RHOB,(202) 225-3236,Foreign Affairs,Intelligence,,
Texas,21st,"Roy, Chip",R,103 CHOB,(202) 225-4236,Budget,Judiciary,Rules,
Texas,22nd,"Nehls, Troy",R,1104 LHOB,(202) 225-5951,Judiciary,Transportation and Infrastructure,,
Texas,23rd,"Gonzales, Tony",R,2244 RHOB,(202) 225-4511,Appropriations,Homeland Security,,
Texas,24th,"Van Duyne, Beth",R,1725 LHOB,(202) 225-6605,Small Business,Ways and Means,,
Texas,25th,"Williams, Roger",R,2336 RHOB,(202) 225-9896,Financial Services,Small Business,,
Texas,26th,"Burgess, Michael",R,2161 RHOB,(202) 225-7772,Budget,Energy and Commerce,Rules,
Texas,27th,"Cloud, Michael",R,171 CHOB,(202) 225-7742,Appropriations,Oversight and Accountability,Select Subcommittee on the Coronavirus Pandemic,
Texas,28th,"Cuellar, Henry",D,2372 RHOB,(202) 225-1640,Appropriations,,,
Texas,29th,"Garcia, Sylvia",D,2419 RHOB,(202) 225-1688,Financial Services,Select Subcommittee on the Weaponization of the Fed Govt,,
Texas,30th,"Crockett, Jasmine",D,1616 LHOB,(202) 225-8885,Agriculture,Oversight and Accountability,,
Texas,31st,"Carter, John",R,2208 RHOB,(202) 225-3864,Appropriations,,,
Texas,32nd,"Allred, Colin",D,348 CHOB,(202) 225-2231,Foreign Affairs,Select Subcommittee on the Weaponization of the Fed Govt,Transportation and Infrastructure,
Texas,33rd,"Veasey, Marc",D,2348 RHOB,(202) 225-9897,Armed Services,Energy and Commerce,,
Texas,34th,"Gonzalez, Vicente",D,154 CHOB,(202) 225-2531,Financial Services,,,
Texas,35th,"Casar, Greg",D,1339 LHOB,(202) 225-5645,Agriculture,Oversight and Accountability,,
Texas,36th,"Babin, Brian",R,2236 RHOB,(202) 225-1555,Transportation and Infrastructure,"Science, Space, and Technology",,
Texas,37th,"Doggett, Lloyd",D,2307 RHOB,(202) 225-4865,Budget,Joint Committee on Taxation,Ways and Means,
Texas,38th,"Hunt, Wesley",R,1520 LHOB,(202) 225-5646,Natural Resources,Judiciary,Small Business,
Utah,1st,"Moore, Blake",R,1131 LHOB,(202) 225-0453,Budget,Ways and Means,,
Utah,2nd,"Maloy, Celeste",R,166 CHOB,(202) 225-9730,Transportation and Infrastructure,Small Business,,
Utah,3rd,"Curtis, John",R,2323 RHOB,(202) 225-7751,Energy and Commerce,Natural Resources,,
Utah,4th,"Owens, Burgess",R,309 CHOB,(202) 225-3011,Education and the Workforce,Transportation and Infrastructure,,
Vermont,At Large,"Balint, Becca",D,1408 LHOB,(202) 225-4115,Budget,Judiciary,,
Virginia,1st,"Wittman, Robert",R,2055 RHOB,(202) 225-4261,Armed Services,Natural Resources,Select Comm on the Strategic Competition US and China,
Virginia,2nd,"Kiggans, Jennifer",R,1037 LHOB,(202) 225-4215,Armed Services,Natural Resources,Veterans' Affairs,
Virginia,3rd,"Scott, Robert",D,2328 RHOB,(202) 225-8351,Budget,Education and the Workforce,,
Virginia,4th,"McClellan, Jennifer",D,2417 RHOB,(202) 225-6365,Armed Services,"Science, Space, and Technology",,
Virginia,5th,"Good, Bob",R,461 CHOB,(202) 225-4711,Budget,Education and the Workforce,,
Virginia,6th,"Cline, Ben",R,2443 RHOB,(202) 225-5431,Appropriations,Budget,Judiciary,
Virginia,7th,"Spanberger, Abigail",D,562 CHOB,(202) 225-2815,Agriculture,Intelligence,,
Virginia,8th,"Beyer, Donald",D,1119 LHOB,(202) 225-4376,Ways and Means,,,
Virginia,9th,"Griffith, H.",R,2202 RHOB,(202) 225-3861,House Administration,Energy and Commerce,,
Virginia,10th,"Wexton, Jennifer",D,1210 LHOB,(202) 225-5136,Appropriations,Budget,,
Virginia,11th,"Connolly, Gerald",D,2265 RHOB,(202) 225-1492,Foreign Affairs,Select Subcommittee on the Weaponization of the Fed Govt,Oversight and Accountability,
Virgin Islands,Delegate,"Plaskett, Stacey",D,2059 RHOB,(202) 225-1790,Select Subcommittee on the Weaponization of the Fed Govt,Intelligence,,
Washington,1st,"DelBene, Suzan",D,2330 RHOB,(202) 225-6311,Ways and Means,,,
Washington,2nd,"Larsen, Rick",D,2163 RHOB,(202) 225-2605,Transportation and Infrastructure,,,
Washington,3rd,"Perez, Marie",D,1431 LHOB,(202) 225-3536,Agriculture,Small Business,,
Washington,4th,"Newhouse, Dan",R,504 CHOB,(202) 225-5816,Appropriations,Select Comm on the Strategic Competition US and China,,
Washington,5th,"Rodgers, Cathy",R,2188 RHOB,(202) 225-2006,Energy and Commerce,,,
Washington,6th,"Kilmer, Derek",D,1226 LHOB,(202) 225-5916,Appropriations,House Administration,,
Washington,7th,"Jayapal, Pramila",D,2346 RHOB,(202) 225-3106,Education and the Workforce,Judiciary,,
Washington,8th,"Schrier, Kim",D,1110 LHOB,(202) 225-7761,Energy and Commerce,,,
Washington,9th,"Smith, Adam",D,2264 RHOB,(202) 225-8901,Armed Services,,,
Washington,10th,"Strickland, Marilyn",D,1708 LHOB,(202) 225-9740,Armed Services,Transportation and Infrastructure,,
West Virginia,1st,"Miller, Carol",R,465 CHOB,(202) 225-3452,Ways and Means,,,
West Virginia,2nd,"Mooney, Alexander",R,2228 RHOB,(202) 225-2711,Financial Services,,,
Wisconsin,1st,"Steil, Bryan",R,1526 LHOB,(202) 225-3031,Financial Services,House Administration,Joint Committee of Congress on the Library,
Wisconsin,2nd,"Pocan, Mark",D,1026 LHOB,(202) 225-2906,Appropriations,,,
Wisconsin,3rd,"Van Orden, Derrick",R,1513 LHOB,(202) 225-5506,Agriculture,Transportation and Infrastructure,Veterans' Affairs,
Wisconsin,4th,"Moore, Gwen",D,2252 RHOB,(202) 225-4572,Ways and Means,,,
Wisconsin,5th,"Fitzgerald, Scott",R,1507 LHOB,(202) 225-5101,Financial Services,Judiciary,,
Wisconsin,6th,"Grothman, Glenn",R,1511 LHOB,(202) 225-2476,Budget,Education and the Workforce,Oversight and Accountability,
Wisconsin,7th,"Tiffany, Thomas",R,451 CHOB,(202) 225-3365,Natural Resources,Judiciary,,
Wisconsin,8th,"Gallagher, Mike",R,1211 LHOB,(202) 225-5665,Armed Services,Intelligence,Select Comm on the Strategic Competition US and China,
Wyoming,At Large,"Hageman, Harriet",R,1531 LHOB,(202) 225-2311,Select Subcommittee on the Weaponization of the Fed Govt,Natural Resources,Judiciary,
A,North Carolina 12th,"Adams, Alma",D,2436 RHOB,(202) 225-1510,Agriculture,Education and the Workforce,,
A,Alabama 4th,"Aderholt, Robert",R,266 CHOB,(202) 225-4876,Appropriations,,,
A,California 33rd,"Aguilar, Pete",D,108 CHOB,(202) 225-3201,Appropriations,,,
A,Missouri 4th,"Alford, Mark",R,1516 LHOB,(202) 225-2876,Agriculture,Armed Services,Small Business,
A,Georgia 12th,"Allen, Rick",R,462 CHOB,(202) 225-2823,Education and the Workforce,Energy and Commerce,,
A,Texas 32nd,"Allred, Colin",D,348 CHOB,(202) 225-2231,Foreign Affairs,Select Subcommittee on the Weaponization of the Fed Govt,Transportation and Infrastructure,
A,Rhode Island 1st,"Amo, Gabe",D,2233 RHOB,(202) 225-4911,Foreign Affairs,"Science, Space, and Technology",,
A,Nevada 2nd,"Amodei, Mark",R,104 CHOB,(202) 225-6155,Appropriations,Joint Committee of Congress on the Library,,
A,North Dakota At Large,"Armstrong, Kelly",R,2235 RHOB,(202) 225-2611,Select Subcommittee on the Weaponization of the Fed Govt,Energy and Commerce,Judiciary,
A,Texas 19th,"Arrington, Jodey",R,1107 LHOB,(202) 225-4005,Budget,Ways and Means,,
A,Massachusetts 4th,"Auchincloss, Jake",D,1524 LHOB,(202) 225-5931,Transportation and Infrastructure,Select Comm on the Strategic Competition US and China,,
B,Texas 36th,"Babin, Brian",R,2236 RHOB,(202) 225-1555,Transportation and Infrastructure,"Science, Space, and Technology",,
B,Nebraska 2nd,"Bacon, Don",R,2104 RHOB,(202) 225-4155,Agriculture,Armed Services,,
B,Indiana 4th,"Baird, James",R,2303 RHOB,(202) 225-5037,Agriculture,Foreign Affairs,"Science, Space, and Technology",
B,Ohio 12th,"Balderson, Troy",R,2429 RHOB,(202) 225-5355,Energy and Commerce,,,
B,Vermont At Large,"Balint, Becca",D,1408 LHOB,(202) 225-4115,Budget,Judiciary,,
B,Indiana 3rd,"Banks, Jim",R,2418 RHOB,(202) 225-4436,Armed Services,Education and the Workforce,Select Comm on the Strategic Competition US and China,
B,Kentucky 6th,"Barr, Andy",R,2430 RHOB,(202) 225-4706,Financial Services,Foreign Affairs,Select Comm on the Strategic Competition US and China,
B,California 44th,"Barragan, Nanette",D,2312 RHOB,(202) 225-8220,Energy and Commerce,,,
B,Florida 4th,"Bean, Aaron",R,1239 LHOB,(202) 225-0123,Education and the Workforce,Transportation and Infrastructure,Small Business,
B,Ohio 3rd,"Beatty, Joyce",D,2079 RHOB,(202) 225-4324,Financial Services,,,
B,Oregon 2nd,"Bentz, Cliff",R,409 CHOB,(202) 225-6730,Natural Resources,Judiciary,,
B,California 6th,"Bera, Ami",D,172 CHOB,(202) 225-5716,Foreign Affairs,Intelligence,Select Subcommittee on the Coronavirus Pandemic,
B,Michigan 1st,"Bergman, Jack",R,566 CHOB,(202) 225-4735,Armed Services,Budget,Veterans' Affairs,
B,Virginia 8th,"Beyer, Donald",D,1119 LHOB,(202) 225-4376,Ways and Means,,,
B,Oklahoma 5th,"Bice, Stephanie",R,2437 RHOB,(202) 225-2132,Appropriations,House Administration,"Science, Space, and Technology",
B,Arizona 5th,"Biggs, Andy",R,252 CHOB,(202) 225-2635,Oversight and Accountability,Judiciary,,
B,Florida 12th,"Bilirakis, Gus",R,2306 RHOB,(202) 225-5755,Energy and Commerce,,,
B,North Carolina 8th,"Bishop, Dan",R,2459 RHOB,(202) 225-1976,Select Subcommittee on the Weaponization of the Fed Govt,Homeland Security,Judiciary,
B,Georgia 2nd,"Bishop, Sanford",D,2407 RHOB,(202) 225-3631,Agriculture,Appropriations,,
B,Oregon 3rd,"Blumenauer, Earl",D,1111 LHOB,(202) 225-4811,Budget,Ways and Means,,
B,Delaware At Large,"Blunt Rochester, Lisa",D,1724 LHOB,(202) 225-4165,Energy and Commerce,,,
B,Colorado 3rd,"Boebert, Lauren",R,1713 LHOB,(202) 225-4761,Oversight and Accountability,Natural Resources,,
B,Oregon 1st,"Bonamici, Suzanne",D,2231 RHOB,(202) 225-0855,Education and the Workforce,"Science, Space, and Technology",,
B,Illinois 12th,"Bost, Mike",R,352 CHOB,(202) 225-5661,Agriculture,Transportation and Infrastructure,Veterans' Affairs,
B,New York 16th,"Bowman, Jamaal",D,345 CHOB,(202) 225-2464,Education and the Workforce,"Science, Space, and Technology",,
B,Pennsylvania 2nd,"Boyle, Brendan",D,1502 LHOB,(202) 225-6111,Budget,,,
B,Oklahoma 2nd,"Brecheen, Josh",R,1208 LHOB,(202) 225-2701,Budget,Homeland Security,,
B,Ohio 11th,"Brown, Shontel",D,449 CHOB,(202) 225-7032,Agriculture,Oversight and Accountability,Select Comm on the Strategic Competition US and China,
B,California 26th,"Brownley, Julia",D,2262 RHOB,(202) 225-5811,Transportation and Infrastructure,Veterans' Affairs,,
B,Florida 16th,"Buchanan, Vern",R,2110 RHOB,(202) 225-5015,Joint Committee on Taxation,Ways and Means,,
B,Colorado 4th,"Buck, Ken- Vacancy",,2455 RHOB,(202) 225-4676,,,,
B,Indiana 8th,"Bucshon, Larry",R,2313 RHOB,(202) 225-4636,Energy and Commerce,,,
B,Illinois 13th,"Budzinski, Nikki",D,1009 LHOB,(202) 225-2371,Agriculture,Veterans' Affairs,,
B,Tennessee 2nd,"Burchett, Tim",R,1122 LHOB,(202) 225-5435,Foreign Affairs,Oversight and Accountability,Transportation and Infrastructure,
B,Texas 26th,"Burgess, Michael",R,2161 RHOB,(202) 225-7772,Budget,Energy and Commerce,Rules,
B,Missouri 7th,"Burlison, Eric",R,1108 LHOB,(202) 225-6536,Education and the Workforce,Oversight and Accountability,Transportation and Infrastructure,
B,Missouri 1st,"Bush, Cori",D,2463 RHOB,(202) 225-2406,Oversight and Accountability,Judiciary,,
C,California 41st,"Calvert, Ken",R,2205 RHOB,(202) 225-1986,Appropriations,,,
C,Florida 3rd,"Cammack, Kat",R,2421 RHOB,(202) 225-5744,Agriculture,Select Subcommittee on the Weaponization of the Fed Govt,Energy and Commerce,
C,Colorado 8th,"Caraveo, Yadira",D,1024 LHOB,(202) 225-5625,Agriculture,"Science, Space, and Technology",,
C,California 24th,"Carbajal, Salud",D,2331 RHOB,(202) 225-3601,Agriculture,Armed Services,Transportation and Infrastructure,
C,California 29th,"Cardenas, Tony",D,2181 RHOB,(202) 225-6131,Energy and Commerce,,,
C,Ohio 15th,"Carey, Mike",R,1433 LHOB,(202) 225-2015,House Administration,Joint Committee of Congress on the Library,Ways and Means,
C,Alabama 1st,"Carl, Jerry",R,1330 LHOB,(202) 225-4931,Appropriations,Natural Resources,,
C,Indiana 7th,"Carson, Andre",D,2135 RHOB,(202) 225-4011,Intelligence,Transportation and Infrastructure,Select Comm on the Strategic Competition US and China,
C,Georgia 1st,"Carter, Earl",R,2432 RHOB,(202) 225-5831,Budget,Energy and Commerce,,
C,Texas 31st,"Carter, John",R,2208 RHOB,(202) 225-3864,Appropriations,,,
C,Louisiana 2nd,"Carter, Troy",D,442 CHOB,(202) 225-6636,Homeland Security,Transportation and Infrastructure,,
C,Pennsylvania 8th,"Cartwright, Matt",D,2102 RHOB,(202) 225-5546,Appropriations,,,
C,Texas 35th,"Casar, Greg",D,1339 LHOB,(202) 225-5645,Agriculture,Oversight and Accountability,,
C,Hawaii 1st,"Case, Ed",D,2210 RHOB,(202) 225-2726,Appropriations,Natural Resources,,
C,Illinois 6th,"Casten, Sean",D,2440 RHOB,(202) 225-4561,Financial Services,"Science, Space, and Technology",,
C,Florida 14th,"Castor, Kathy",D,2052 RHOB,(202) 225-3376,Energy and Commerce,Select Comm on the Strategic Competition US and China,,
C,Texas 20th,"Castro, Joaquin",D,2241 RHOB,(202) 225-3236,Foreign Affairs,Intelligence,,
C,Oregon 5th,"Chavez-DeRemer, Lori",R,1722 LHOB,(202) 225-5711,Agriculture,Education and the Workforce,Transportation and Infrastructure,
C,Florida 20th,"Cherfilus-McCormick, Sheila",D,242 CHOB,(202) 225-1313,Foreign Affairs,Veterans' Affairs,,
C,California 28th,"Chu, Judy",D,2423 RHOB,(202) 225-5464,Small Business,Ways and Means,,
C,Arizona 6th,"Ciscomani, Juan",R,1429 LHOB,(202) 225-2542,Appropriations,Veterans' Affairs,,
C,Massachusetts 5th,"Clark, Katherine",D,2368 RHOB,(202) 225-2836,,,,
C,New York 9th,"Clarke, Yvette",D,2058 RHOB,(202) 225-6231,Homeland Security,Energy and Commerce,,
C,Missouri 5th,"Cleaver, Emanuel",D,2217 RHOB,(202) 225-4535,Financial Services,,,
C,Virginia 6th,"Cline, Ben",R,2443 RHOB,(202) 225-5431,Appropriations,Budget,Judiciary,
C,Texas 27th,"Cloud, Michael",R,171 CHOB,(202) 225-7742,Appropriations,Oversight and Accountability,Select Subcommittee on the Coronavirus Pandemic,
C,South Carolina 6th,"Clyburn, James",D,274 CHOB,(202) 225-3315,,,,
C,Georgia 9th,"Clyde, Andrew",R,445 CHOB,(202) 225-9893,Appropriations,,,
C,Tennessee 9th,"Cohen, Steve",D,2268 RHOB,(202) 225-3265,Judiciary,Transportation and Infrastructure,,
C,Oklahoma 4th,"Cole, Tom",R,2207 RHOB,(202) 225-6165,Appropriations,Rules,,
C,Georgia 10th,"Collins, Mike",R,1223 LHOB,(202) 225-4101,Natural Resources,Transportation and Infrastructure,"Science, Space, and Technology",
C,Kentucky 1st,"Comer, James",R,2410 RHOB,(202) 225-3115,Education and the Workforce,Oversight and Accountability,,
C,Virginia 11th,"Connolly, Gerald",D,2265 RHOB,(202) 225-1492,Foreign Affairs,Select Subcommittee on the Weaponization of the Fed Govt,Oversight and Accountability,
C,California 46th,"Correa, J.",D,2301 RHOB,(202) 225-2965,Homeland Security,Judiciary,,
C,California 21st,"Costa, Jim",D,2081 RHOB,(202) 225-3341,Agriculture,Foreign Affairs,,
C,Connecticut 2nd,"Courtney, Joe",D,2449 RHOB,(202) 225-2076,Armed Services,Education and the Workforce,,
C,Minnesota 2nd,"Craig, Angie",D,2442 RHOB,(202) 225-2271,Agriculture,Energy and Commerce,,
C,Arizona 2nd,"Crane, Elijah",R,1229 LHOB,(202) 225-3361,Homeland Security,Small Business,Veterans' Affairs,
C,Arkansas 1st,"Crawford, Eric",R,2422 RHOB,(202) 225-4076,Agriculture,Intelligence,Transportation and Infrastructure,"Science, Space, and Technology"
C,Texas 2nd,"Crenshaw, Dan",R,248 CHOB,(202) 225-6565,Energy and Commerce,Intelligence,,
C,Texas 30th,"Crockett, Jasmine",D,1616 LHOB,(202) 225-8885,Agriculture,Oversight and Accountability,,
C,Colorado 6th,"Crow, Jason",D,1323 LHOB,(202) 225-7882,Foreign Affairs,Intelligence,,
C,Texas 28th,"Cuellar, Henry",D,2372 RHOB,(202) 225-1640,Appropriations,,,
C,Utah 3rd,"Curtis, John",R,2323 RHOB,(202) 225-7751,Energy and Commerce,Natural Resources,,
D,New York 4th,"D'Esposito, Anthony",R,1508 LHOB,(202) 225-5516,House Administration,Homeland Security,Transportation and Infrastructure,
D,Kansas 3rd,"Davids, Sharice",D,2435 RHOB,(202) 225-2865,Agriculture,Transportation and Infrastructure,Small Business,
D,Ohio 8th,"Davidson, Warren",R,2113 RHOB,(202) 225-6205,Financial Services,Foreign Affairs,Select Subcommittee on the Weaponization of the Fed Govt,
D,Illinois 7th,"Davis, Danny",D,2159 RHOB,(202) 225-5006,Ways and Means,,,
D,North Carolina 1st,"Davis, Donald",D,1123 LHOB,(202) 225-3101,Agriculture,Armed Services,,
D,Pennsylvania 4th,"Dean, Madeleine",D,150 CHOB,(202) 225-4731,Foreign Affairs,Judiciary,,
D,Colorado 1st,"DeGette, Diana",D,2111 RHOB,(202) 225-4431,Energy and Commerce,,,
D,Texas 15th,"De La Cruz, Monica",R,1415 LHOB,(202) 225-9901,Agriculture,Financial Services,,
D,Connecticut 3rd,"DeLauro, Rosa",D,2413 RHOB,(202) 225-3661,Appropriations,,,
D,Washington 1st,"DelBene, Suzan",D,2330 RHOB,(202) 225-6311,Ways and Means,,,
D,Pennsylvania 17th,"Deluzio, Christopher",D,1222 LHOB,(202) 225-2301,Armed Services,Veterans' Affairs,,
D,California 10th,"DeSaulnier, Mark",D,503 CHOB,(202) 225-2095,Education and the Workforce,Transportation and Infrastructure,Ethics,
D,Tennessee 4th,"DesJarlais, Scott",R,2304 RHOB,(202) 225-6831,Agriculture,Armed Services,,
D,Florida 26th,"Diaz-Balart, Mario",R,374 CHOB,(202) 225-4211,Appropriations,,,
D,Michigan 6th,"Dingell, Debbie",D,102 CHOB,(202) 225-4071,Energy and Commerce,Natural Resources,Select Subcommittee on the Coronavirus Pandemic,
D,Texas 37th,"Doggett, Lloyd",D,2307 RHOB,(202) 225-4865,Budget,Joint Committee on Taxation,Ways and Means,
D,Florida 19th,"Donalds, Byron",R,1719 LHOB,(202) 225-2536,Financial Services,Oversight and Accountability,,
D,California 13th,"Duarte, John",R,1535 LHOB,(202) 225-1947,Agriculture,Natural Resources,Transportation and Infrastructure,
D,South Carolina 3rd,"Duncan, Jeff",R,2229 RHOB,(202) 225-5301,Energy and Commerce,,,
D,Florida 2nd,"Dunn, Neal",R,466 CHOB,(202) 225-5235,Energy and Commerce,Select Comm on the Strategic Competition US and China,,
E,North Carolina 11th,"Edwards, Chuck",R,1505 LHOB,(202) 225-6401,Appropriations,Budget,,
E,Texas 6th,"Ellzey, Jake",R,1721 LHOB,(202) 225-2002,Appropriations,Small Business,,
E,Minnesota 6th,"Emmer, Tom",R,464 CHOB,(202) 225-2331,Financial Services,,,
E,Texas 16th,"Escobar, Veronica",D,2448 RHOB,(202) 225-4831,Armed Services,Judiciary,Ethics,
E,California 16th,"Eshoo, Anna",D,272 CHOB,(202) 225-8104,Energy and Commerce,,,
E,New York 13th,"Espaillat, Adriano",D,2332 RHOB,(202) 225-4365,Appropriations,Budget,,
E,Kansas 4th,"Estes, Ron",R,2234 RHOB,(202) 225-6216,Budget,Education and the Workforce,Ways and Means,
E,Pennsylvania 3rd,"Evans, Dwight",D,1105 LHOB,(202) 225-4001,Ways and Means,,,
E,Mississippi 4th,"Ezell, Mike",R,443 CHOB,(202) 225-5772,Homeland Security,Transportation and Infrastructure,,
F,Texas 4th,"Fallon, Pat",R,2416 RHOB,(202) 225-6673,Armed Services,Oversight and Accountability,,
F,Iowa 4th,"Feenstra, Randy",R,1440 LHOB,(202) 225-4426,Agriculture,Ways and Means,,
F,Georgia 3rd,"Ferguson, A.",R,2239 RHOB,(202) 225-5901,Budget,Ways and Means,,
F,Minnesota 1st,"Finstad, Brad",R,1605 LHOB,(202) 225-2472,Agriculture,Armed Services,,
F,Minnesota 7th,"Fischbach, Michelle",R,1004 LHOB,(202) 225-2165,Budget,Rules,Ethics,Ways and Means
F,Wisconsin 5th,"Fitzgerald, Scott",R,1507 LHOB,(202) 225-5101,Financial Services,Judiciary,,
F,Pennsylvania 1st,"Fitzpatrick, Brian",R,271 CHOB,(202) 225-4276,Intelligence,Ways and Means,,
F,Tennessee 3rd,"Fleischmann, Charles",R,2187 RHOB,(202) 225-3271,Appropriations,"Science, Space, and Technology",,
F,Texas 7th,"Fletcher, Lizzie",D,346 CHOB,(202) 225-2571,Energy and Commerce,,,
F,Nebraska 1st,"Flood, Mike",R,343 CHOB,(202) 225-4806,Financial Services,,,
F,Illinois 11th,"Foster, Bill",D,2366 RHOB,(202) 225-3515,Financial Services,,,
F,North Carolina 4th,"Foushee, Valerie",D,1716 LHOB,(202) 225-1784,Transportation and Infrastructure,"Science, Space, and Technology",,
F,North Carolina 5th,"Foxx, Virginia",R,2462 RHOB,(202) 225-2071,Education and the Workforce,Oversight and Accountability,,
F,Florida 22nd,"Frankel, Lois",D,2305 RHOB,(202) 225-9890,Appropriations,,,
F,Florida 18th,"Franklin, Scott",R,249 CHOB,(202) 225-1252,Appropriations,"Science, Space, and Technology",Veterans' Affairs,
F,Florida 10th,"Frost, Maxwell",D,1224 LHOB,(202) 225-2176,Oversight and Accountability,"Science, Space, and Technology",,
F,South Carolina 7th,"Fry, Russell",R,1626 LHOB,(202) 225-9895,Select Subcommittee on the Weaponization of the Fed Govt,Oversight and Accountability,Judiciary,
F,Idaho 1st,"Fulcher, Russ",R,1514 LHOB,(202) 225-6611,Energy and Commerce,Natural Resources,,
G,Florida 1st,"Gaetz, Matt",R,2021 RHOB,(202) 225-4136,Armed Services,Select Subcommittee on the Weaponization of the Fed Govt,Judiciary,
G,Wisconsin 8th,"Gallagher, Mike",R,1211 LHOB,(202) 225-5665,Armed Services,Intelligence,Select Comm on the Strategic Competition US and China,
G,Arizona 3rd,"Gallego, Ruben",D,1114 LHOB,(202) 225-4065,Armed Services,Natural Resources,,
G,California 8th,"Garamendi, John",D,2004 RHOB,(202) 225-1880,Armed Services,Select Subcommittee on the Weaponization of the Fed Govt,Transportation and Infrastructure,
G,New York 2nd,"Garbarino, Andrew",R,2344 RHOB,(202) 225-7896,Financial Services,Homeland Security,Ethics,
G,Illinois 4th,"Garcia, Jesus",D,1519 LHOB,(202) 225-8203,Transportation and Infrastructure,,,
G,California 27th,"Garcia, Mike",R,144 CHOB,(202) 225-1956,Appropriations,Intelligence,"Science, Space, and Technology",
G,California 42nd,"Garcia, Robert",D,1305 LHOB,(202) 225-7924,Oversight and Accountability,Homeland Security,Select Subcommittee on the Coronavirus Pandemic,
G,Texas 29th,"Garcia, Sylvia",D,2419 RHOB,(202) 225-1688,Financial Services,Select Subcommittee on the Weaponization of the Fed Govt,,
G,Florida 28th,"Gimenez, Carlos",R,448 CHOB,(202) 225-2778,Armed Services,Homeland Security,Select Comm on the Strategic Competition US and China,
G,Maine 2nd,"Golden, Jared",D,1710 LHOB,(202) 225-6306,Armed Services,Small Business,,
G,New York 10th,"Goldman, Daniel",D,245 CHOB,(202) 225-7944,Select Subcommittee on the Weaponization of the Fed Govt,Oversight and Accountability,Homeland Security,
G,California 34th,"Gomez, Jimmy",D,506 CHOB,(202) 225-6235,Intelligence,Ways and Means,,
G,Texas 23rd,"Gonzales, Tony",R,2244 RHOB,(202) 225-4511,Appropriations,Homeland Security,,
G,Texas 34th,"Gonzalez, Vicente",D,154 CHOB,(202) 225-2531,Financial Services,,,
G,Puerto Rico Resident Commissioner,"Gonzalez-Colon, Jenniffer",R,2338 RHOB,(202) 225-2615,Natural Resources,Transportation and Infrastructure,,
G,Virginia 5th,"Good, Bob",R,461 CHOB,(202) 225-4711,Budget,Education and the Workforce,,
G,Texas 5th,"Gooden, Lance",R,2431 RHOB,(202) 225-3484,Armed Services,Judiciary,,
G,Arizona 9th,"Gosar, Paul",R,2057 RHOB,(202) 225-2315,Oversight and Accountability,Natural Resources,,
G,New Jersey 5th,"Gottheimer, Josh",D,203 CHOB,(202) 225-4465,Financial Services,Intelligence,,
G,Texas 12th,"Granger, Kay",R,2308 RHOB,(202) 225-5071,Appropriations,,,
G,Louisiana 6th,"Graves, Garret",R,2402 RHOB,(202) 225-3901,Natural Resources,Transportation and Infrastructure,,
G,Missouri 6th,"Graves, Sam",R,1135 LHOB,(202) 225-7041,Armed Services,Transportation and Infrastructure,,
G,Texas 9th,"Green, Al",D,2347 RHOB,(202) 225-7508,Financial Services,,,
G,Tennessee 7th,"Green, Mark",R,2446 RHOB,(202) 225-2811,Foreign Affairs,Homeland Security,,
G,Georgia 14th,"Greene, Marjorie",R,403 CHOB,(202) 225-5211,Oversight and Accountability,Homeland Security,Select Subcommittee on the Coronavirus Pandemic,
G,Virginia 9th,"Griffith, H.",R,2202 RHOB,(202) 225-3861,House Administration,Energy and Commerce,,
G,Arizona 7th,"Grijalva, Raul",D,1203 LHOB,(202) 225-2435,Education and the Workforce,Natural Resources,,
G,Wisconsin 6th,"Grothman, Glenn",R,1511 LHOB,(202) 225-2476,Budget,Education and the Workforce,Oversight and Accountability,
G,Mississippi 3rd,"Guest, Michael",R,450 CHOB,(202) 225-5031,Appropriations,Homeland Security,Ethics,
G,Kentucky 2nd,"Guthrie, Brett",R,2434 RHOB,(202) 225-3501,Energy and Commerce,,,
H,Wyoming At Large,"Hageman, Harriet",R,1531 LHOB,(202) 225-2311,Select Subcommittee on the Weaponization of the Fed Govt,Natural Resources,Judiciary,
H,California 9th,"Harder, Josh",D,209 CHOB,(202) 225-4540,Appropriations,,,
H,Maryland 1st,"Harris, Andy",R,1536 LHOB,(202) 225-5311,Appropriations,,,
H,Tennessee 1st,"Harshbarger, Diana",R,167 CHOB,(202) 225-6356,Energy and Commerce,,,
H,Connecticut 5th,"Hayes, Jahana",D,2458 RHOB,(202) 225-4476,Agriculture,Education and the Workforce,,
H,Oklahoma 1st,"Hern, Kevin",R,1019 LHOB,(202) 225-2211,Ways and Means,,,
H,New York 26th,"Higgins, Brian- Vacancy",,2269 RHOB,(202) 225-3306,,,,
H,Louisiana 3rd,"Higgins, Clay",R,572 CHOB,(202) 225-2031,Oversight and Accountability,Homeland Security,,
H,Arkansas 2nd,"Hill, J.",R,1533 LHOB,(202) 225-2506,Financial Services,Foreign Affairs,Intelligence,
H,Connecticut 4th,"Himes, James",D,2137 RHOB,(202) 225-5541,Financial Services,Intelligence,,
H,Iowa 2nd,"Hinson, Ashley",R,1717 LHOB,(202) 225-2911,Appropriations,Select Comm on the Strategic Competition US and China,,
H,Nevada 4th,"Horsford, Steven",D,406 CHOB,(202) 225-9894,Armed Services,Financial Services,,
H,Indiana 9th,"Houchin, Erin",R,1632 LHOB,(202) 225-5315,Financial Services,Education and the Workforce,Rules,
H,Pennsylvania 6th,"Houlahan, Chrissy",D,1727 LHOB,(202) 225-4315,Armed Services,Intelligence,,
H,Maryland 5th,"Hoyer, Steny",D,1705 LHOB,(202) 225-4131,Appropriations,,,
H,Oregon 4th,"Hoyle, Val",D,1620 LHOB,(202) 225-6416,Natural Resources,Transportation and Infrastructure,,
H,North Carolina 9th,"Hudson, Richard",R,2112 RHOB,(202) 225-3715,Energy and Commerce,,,
H,California 2nd,"Huffman, Jared",D,2445 RHOB,(202) 225-5161,Natural Resources,Transportation and Infrastructure,,
H,Michigan 4th,"Huizenga, Bill",R,2232 RHOB,(202) 225-4401,Financial Services,Foreign Affairs,,
H,Texas 38th,"Hunt, Wesley",R,1520 LHOB,(202) 225-5646,Natural Resources,Judiciary,Small Business,
I,California 48th,"Issa, Darrell",R,2108 RHOB,(202) 225-5672,Foreign Affairs,Select Subcommittee on the Weaponization of the Fed Govt,Judiciary,"Science, Space, and Technology"
I,Maryland 4th,"Ivey, Glenn",D,1529 LHOB,(202) 225-8699,Homeland Security,Judiciary,Ethics,
J,North Carolina 14th,"Jackson, Jeff",D,1318 LHOB,(202) 225-5634,Armed Services,"Science, Space, and Technology",,
J,Illinois 1st,"Jackson, Jonathan",D,1641 LHOB,(202) 225-4372,Agriculture,Foreign Affairs,,
J,Texas 13th,"Jackson, Ronny",R,446 CHOB,(202) 225-3706,Agriculture,Armed Services,Foreign Affairs,Select Subcommittee on the Coronavirus Pandemic
J,Texas 18th,"Jackson Lee, Sheila",D,2314 RHOB,(202) 225-3816,Budget,Homeland Security,Judiciary,
J,California 51st,"Jacobs, Sara",D,1314 LHOB,(202) 225-2040,Armed Services,Foreign Affairs,,
J,Michigan 10th,"James, John",R,1319 LHOB,(202) 225-4961,Education and the Workforce,Foreign Affairs,Transportation and Infrastructure,
J,Washington 7th,"Jayapal, Pramila",D,2346 RHOB,(202) 225-3106,Education and the Workforce,Judiciary,,
J,New York 8th,"Jeffries, Hakeem",D,2433 RHOB,(202) 225-5936,,,,
J,Ohio 6th,"Johnson, Bill- Vacancy",,2082 RHOB,(202) 225-5705,,,,
J,South Dakota At Large,"Johnson, Dusty",R,1714 LHOB,(202) 225-2801,Agriculture,Transportation and Infrastructure,Select Comm on the Strategic Competition US and China,
J,Georgia 4th,"Johnson, Henry",D,2240 RHOB,(202) 225-1605,Judiciary,Transportation and Infrastructure,,
J,Louisiana 4th,"Johnson, Mike",R,568 CHOB,(202) 225-2777,,,,
J,Ohio 4th,"Jordan, Jim",R,2056 RHOB,(202) 225-2676,Select Subcommittee on the Weaponization of the Fed Govt,Oversight and Accountability,Judiciary,
J,Ohio 14th,"Joyce, David",R,2065 RHOB,(202) 225-5731,Appropriations,Ethics,,
J,Pennsylvania 13th,"Joyce, John",R,152 CHOB,(202) 225-2431,Energy and Commerce,Select Subcommittee on the Coronavirus Pandemic,,
K,California 37th,"Kamlager-Dove, Sydney",D,1419 LHOB,(202) 225-7084,Foreign Affairs,Natural Resources,,
K,Ohio 9th,"Kaptur, Marcy",D,2186 RHOB,(202) 225-4146,Appropriations,,,
K,New Jersey 7th,"Kean, Thomas",R,251 CHOB,(202) 225-5361,Foreign Affairs,Transportation and Infrastructure,"Science, Space, and Technology",
K,Massachusetts 9th,"Keating, William",D,2351 RHOB,(202) 225-3111,Armed Services,Foreign Affairs,,
K,Pennsylvania 16th,"Kelly, Mike",R,1707 LHOB,(202) 225-5406,Ways and Means,,,
K,Illinois 2nd,"Kelly, Robin",D,2329 RHOB,(202) 225-0773,Energy and Commerce,,,
K,Mississippi 1st,"Kelly, Trent",R,2243 RHOB,(202) 225-4306,Agriculture,Armed Services,Intelligence,
K,California 17th,"Khanna, Ro",D,306 CHOB,(202) 225-2631,Armed Services,Oversight and Accountability,Select Comm on the Strategic Competition US and China,
K,Virginia 2nd,"Kiggans, Jennifer",R,1037 LHOB,(202) 225-4215,Armed Services,Natural Resources,Veterans' Affairs,
K,Michigan 8th,"Kildee, Daniel",D,200 CHOB,(202) 225-3611,Budget,Ways and Means,,
K,California 3rd,"Kiley, Kevin",R,1032 LHOB,(202) 225-2523,Education and the Workforce,Judiciary,,
K,Washington 6th,"Kilmer, Derek",D,1226 LHOB,(202) 225-5916,Appropriations,House Administration,,
K,New Jersey 3rd,"Kim, Andy",D,2444 RHOB,(202) 225-4765,Armed Services,Foreign Affairs,Select Comm on the Strategic Competition US and China,
K,California 40th,"Kim, Young",R,1306 LHOB,(202) 225-4111,Financial Services,Foreign Affairs,,
K,Illinois 8th,"Krishnamoorthi, Raja",D,2367 RHOB,(202) 225-3711,Oversight and Accountability,Intelligence,Select Comm on the Strategic Competition US and China,
K,New Hampshire 2nd,"Kuster, Ann",D,2201 RHOB,(202) 225-5206,Energy and Commerce,,,
K,Tennessee 8th,"Kustoff, David",R,560 CHOB,(202) 225-4714,Ways and Means,,,
L,Illinois 16th,"LaHood, Darin",R,1424 LHOB,(202) 225-6201,Intelligence,Ways and Means,Select Comm on the Strategic Competition US and China,
L,New York 1st,"LaLota, Nick",R,1530 LHOB,(202) 225-3826,Armed Services,Homeland Security,Small Business,
L,California 1st,"LaMalfa, Doug",R,408 CHOB,(202) 225-3076,Agriculture,Natural Resources,Transportation and Infrastructure,
L,Colorado 5th,"Lamborn, Doug",R,2371 RHOB,(202) 225-4422,Armed Services,Natural Resources,,
L,Ohio 1st,"Landsman, Greg",D,1432 LHOB,(202) 225-2216,Small Business,Veterans' Affairs,,
L,New York 23rd,"Langworthy, Nicholas",R,1630 LHOB,(202) 225-3161,Agriculture,Oversight and Accountability,Rules,
L,Washington 2nd,"Larsen, Rick",D,2163 RHOB,(202) 225-2605,Transportation and Infrastructure,,,
L,Connecticut 1st,"Larson, John",D,1501 LHOB,(202) 225-2265,Ways and Means,,,
L,Ohio 5th,"Latta, Robert",R,2467 RHOB,(202) 225-6405,Energy and Commerce,,,
L,Kansas 2nd,"LaTurner, Jake",R,2441 RHOB,(202) 225-6601,Appropriations,Oversight and Accountability,,
L,New York 17th,"Lawler, Michael",R,1013 LHOB,(202) 225-6506,Financial Services,Foreign Affairs,,
L,California 12th,"Lee, Barbara",D,2470 RHOB,(202) 225-2661,Appropriations,Budget,,
L,Florida 15th,"Lee, Laurel",R,1118 LHOB,(202) 225-5626,House Administration,Homeland Security,Judiciary,
L,Pennsylvania 12th,"Lee, Summer",D,243 CHOB,(202) 225-2135,Oversight and Accountability,"Science, Space, and Technology",,
L,Nevada 3rd,"Lee, Susie",D,365 CHOB,(202) 225-3252,Appropriations,Natural Resources,,
L,New Mexico 3rd,"Leger Fernandez, Teresa",D,1510 LHOB,(202) 225-6190,Education and the Workforce,Natural Resources,Rules,
L,Arizona 8th,"Lesko, Debbie",R,1214 LHOB,(202) 225-4576,Energy and Commerce,Select Subcommittee on the Coronavirus Pandemic,,
L,Louisiana 5th,"Letlow, Julia",R,142 CHOB,(202) 225-8490,Appropriations,Education and the Workforce,,
L,California 49th,"Levin, Mike",D,2352 RHOB,(202) 225-3906,Natural Resources,Veterans' Affairs,,
L,California 36th,"Lieu, Ted",D,2454 RHOB,(202) 225-3976,Foreign Affairs,Judiciary,,
L,California 18th,"Lofgren, Zoe",D,1401 LHOB,(202) 225-3072,Judiciary,"Science, Space, and Technology",,
L,Georgia 11th,"Loudermilk, Barry",R,2133 RHOB,(202) 225-2931,Financial Services,House Administration,,
L,Oklahoma 3rd,"Lucas, Frank",R,2405 RHOB,(202) 225-5565,Agriculture,Financial Services,"Science, Space, and Technology",
L,Missouri 3rd,"Luetkemeyer, Blaine",R,2230 RHOB,(202) 225-2956,Financial Services,Small Business,Select Comm on the Strategic Competition US and China,
L,Florida 13th,"Luna, Anna Paulina",R,1017 LHOB,(202) 225-5961,Oversight and Accountability,Natural Resources,,
L,Texas 8th,"Luttrell, Morgan",R,1320 LHOB,(202) 225-4901,Armed Services,Homeland Security,Veterans' Affairs,
L,Massachusetts 8th,"Lynch, Stephen",D,2109 RHOB,(202) 225-8273,Financial Services,Select Subcommittee on the Weaponization of the Fed Govt,Oversight and Accountability,
M,South Carolina 1st,"Mace, Nancy",R,1728 LHOB,(202) 225-3176,Armed Services,Oversight and Accountability,Veterans' Affairs,
M,Rhode Island 2nd,"Magaziner, Seth",D,1218 LHOB,(202) 225-2735,Homeland Security,Natural Resources,,
M,New York 11th,"Malliotakis, Nicole",R,351 CHOB,(202) 225-3371,Select Subcommittee on the Coronavirus Pandemic,Ways and Means,,
M,Utah 2nd,"Maloy, Celeste",R,166 CHOB,(202) 225-9730,Transportation and Infrastructure,Small Business,,
M,Kansas 1st,"Mann, Tracey",R,344 CHOB,(202) 225-2715,Agriculture,Transportation and Infrastructure,Small Business,
M,North Carolina 6th,"Manning, Kathy",D,307 CHOB,(202) 225-3065,Education and the Workforce,Foreign Affairs,,
M,Kentucky 4th,"Massie, Thomas",R,2453 RHOB,(202) 225-3465,Select Subcommittee on the Weaponization of the Fed Govt,Judiciary,Transportation and Infrastructure,Rules
M,Florida 21st,"Mast, Brian",R,2182 RHOB,(202) 225-3026,Foreign Affairs,Transportation and Infrastructure,,
M,California 7th,"Matsui, Doris",D,2311 RHOB,(202) 225-7163,Energy and Commerce,,,
M,Georgia 7th,"McBath, Lucy",D,2246 RHOB,(202) 225-4501,Education and the Workforce,Judiciary,,
M,California 20th,"McCarthy, Kevin- Vacancy",,2468 RHOB,(202) 225-2915,,,,
M,Texas 10th,"McCaul, Michael",R,2300 RHOB,(202) 225-2401,Foreign Affairs,Homeland Security,,
M,Michigan 9th,"McClain, Lisa",R,444 CHOB,(202) 225-2106,Armed Services,Budget,Education and the Workforce,Oversight and Accountability
M,Virginia 4th,"McClellan, Jennifer",D,2417 RHOB,(202) 225-6365,Armed Services,"Science, Space, and Technology",,
M,California 5th,"McClintock, Tom",R,2256 RHOB,(202) 225-2511,Budget,Natural Resources,Judiciary,
M,Minnesota 4th,"McCollum, Betty",D,2426 RHOB,(202) 225-6631,Appropriations,,,
M,Georgia 6th,"McCormick, Richard",R,1213 LHOB,(202) 225-4272,Armed Services,Foreign Affairs,"Science, Space, and Technology",Select Subcommittee on the Coronavirus Pandemic
M,Kentucky 3rd,"McGarvey, Morgan",D,1527 LHOB,(202) 225-5401,Small Business,Veterans' Affairs,,
M,Massachusetts 2nd,"McGovern, James",D,370 CHOB,(202) 225-6101,Agriculture,Rules,,
M,North Carolina 10th,"McHenry, Patrick",R,2134 RHOB,(202) 225-2576,Financial Services,,,
M,New York 5th,"Meeks, Gregory",D,2310 RHOB,(202) 225-3461,Financial Services,Foreign Affairs,,
M,New Jersey 8th,"Menendez, Robert",D,1007 LHOB,(202) 225-7919,Homeland Security,Transportation and Infrastructure,,
M,New York 6th,"Meng, Grace",D,2209 RHOB,(202) 225-2601,Appropriations,,,
M,Pennsylvania 9th,"Meuser, Daniel",R,350 CHOB,(202) 225-6511,Financial Services,Small Business,,
M,Maryland 7th,"Mfume, Kweisi",D,2263 RHOB,(202) 225-4741,Oversight and Accountability,Small Business,Select Subcommittee on the Coronavirus Pandemic,
M,West Virginia 1st,"Miller, Carol",R,465 CHOB,(202) 225-3452,Ways and Means,,,
M,Illinois 15th,"Miller, Mary",R,1740 LHOB,(202) 225-5271,Agriculture,Education and the Workforce,,
M,Ohio 7th,"Miller, Max",R,143 CHOB,(202) 225-3876,Agriculture,"Science, Space, and Technology",,
M,Iowa 1st,"Miller-Meeks, Mariannette",R,1034 LHOB,(202) 225-6576,Energy and Commerce,Select Subcommittee on the Coronavirus Pandemic,Veterans' Affairs,
M,Florida 7th,"Mills, Cory",R,1237 LHOB,(202) 225-4035,Armed Services,Foreign Affairs,,
M,New York 19th,"Molinaro, Marcus",R,1207 LHOB,(202) 225-5441,Agriculture,Transportation and Infrastructure,Small Business,
M,Michigan 2nd,"Moolenaar, John",R,246 CHOB,(202) 225-3561,Appropriations,Select Comm on the Strategic Competition US and China,,
M,West Virginia 2nd,"Mooney, Alexander",R,2228 RHOB,(202) 225-2711,Financial Services,,,
M,Alabama 2nd,"Moore, Barry",R,1504 LHOB,(202) 225-2901,Agriculture,Judiciary,,
M,Utah 1st,"Moore, Blake",R,1131 LHOB,(202) 225-0453,Budget,Ways and Means,,
M,Wisconsin 4th,"Moore, Gwen",D,2252 RHOB,(202) 225-4572,Ways and Means,,,
M,Texas 1st,"Moran, Nathaniel",R,1541 LHOB,(202) 225-3035,Education and the Workforce,Foreign Affairs,Judiciary,
M,New York 25th,"Morelle, Joseph",D,570 CHOB,(202) 225-3615,Appropriations,House Administration,Joint Committee of Congress on the Library,
M,Florida 23rd,"Moskowitz, Jared",D,1130 LHOB,(202) 225-3001,Foreign Affairs,Oversight and Accountability,,
M,Massachusetts 6th,"Moulton, Seth",D,1126 LHOB,(202) 225-8020,Armed Services,Transportation and Infrastructure,Select Comm on the Strategic Competition US and China,
M,Guam Delegate,"Moylan, James",R,1628 LHOB,(202) 225-1188,Armed Services,Natural Resources,,
M,Indiana 1st,"Mrvan, Frank",D,1607 LHOB,(202) 225-2461,Education and the Workforce,Veterans' Affairs,,
M,California 15th,"Mullin, Kevin",D,1404 LHOB,(202) 225-3531,Natural Resources,"Science, Space, and Technology",,
M,North Carolina 3rd,"Murphy, Gregory",R,407 CHOB,(202) 225-3415,House Administration,Veterans' Affairs,Ways and Means,
N,New York 12th,"Nadler, Jerrold",D,2132 RHOB,(202) 225-5635,Judiciary,,,
N,California 31st,"Napolitano, Grace",D,1610 LHOB,(202) 225-5256,Natural Resources,Transportation and Infrastructure,,
N,Massachusetts 1st,"Neal, Richard",D,372 CHOB,(202) 225-5601,Joint Committee on Taxation,Ways and Means,,
N,Colorado 2nd,"Neguse, Joe",D,2400 RHOB,(202) 225-2161,Natural Resources,Judiciary,Rules,
N,Texas 22nd,"Nehls, Troy",R,1104 LHOB,(202) 225-5951,Judiciary,Transportation and Infrastructure,,
N,Washington 4th,"Newhouse, Dan",R,504 CHOB,(202) 225-5816,Appropriations,Select Comm on the Strategic Competition US and China,,
N,North Carolina 13th,"Nickel, Wiley",D,1133 LHOB,(202) 225-4531,Financial Services,,,
N,New Jersey 1st,"Norcross, Donald",D,2427 RHOB,(202) 225-6501,Armed Services,Education and the Workforce,,
N,South Carolina 5th,"Norman, Ralph",R,569 CHOB,(202) 225-5501,Financial Services,Budget,Rules,
N,District of Columbia Delegate,"Norton, Eleanor",D,2136 RHOB,(202) 225-8050,Oversight and Accountability,Transportation and Infrastructure,,
N,Iowa 3rd,"Nunn, Zachary",R,1232 LHOB,(202) 225-5476,Agriculture,Financial Services,,
O,California 23rd,"Obernolte, Jay",R,1029 LHOB,(202) 225-5861,Energy and Commerce,"Science, Space, and Technology",,
O,New York 14th,"Ocasio-Cortez, Alexandria",D,250 CHOB,(202) 225-3965,Oversight and Accountability,Natural Resources,,
O,Tennessee 5th,"Ogles, Andrew",R,151 CHOB,(202) 225-4311,Financial Services,,,
O,Minnesota 5th,"Omar, Ilhan",D,1730 LHOB,(202) 225-4755,Budget,Education and the Workforce,,
O,Utah 4th,"Owens, Burgess",R,309 CHOB,(202) 225-3011,Education and the Workforce,Transportation and Infrastructure,,
P,New Jersey 6th,"Pallone, Frank",D,2107 RHOB,(202) 225-4671,Energy and Commerce,,,
P,Alabama 6th,"Palmer, Gary",R,170 CHOB,(202) 225-4921,Oversight and Accountability,Energy and Commerce,,
P,California 19th,"Panetta, Jimmy",D,304 CHOB,(202) 225-2861,Armed Services,Budget,Ways and Means,
P,New Hampshire 1st,"Pappas, Chris",D,452 CHOB,(202) 225-5456,Transportation and Infrastructure,Small Business,Veterans' Affairs,
P,New Jersey 9th,"Pascrell, Bill",D,2409 RHOB,(202) 225-5751,Ways and Means,,,
P,New Jersey 10th,"Payne, Donald",D,106 CHOB,(202) 225-3436,Homeland Security,Transportation and Infrastructure,,
P,California 11th,"Pelosi, Nancy",D,1236 LHOB,(202) 225-4965,,,,
P,Alaska At Large,"Peltola, Mary",D,153 CHOB,(202) 225-5765,Natural Resources,Transportation and Infrastructure,,
P,Indiana 6th,"Pence, Greg",R,404 CHOB,(202) 225-3021,Energy and Commerce,,,
P,Washington 3rd,"Perez, Marie",D,1431 LHOB,(202) 225-3536,Agriculture,Small Business,,
P,Pennsylvania 10th,"Perry, Scott",R,2160 RHOB,(202) 225-5836,Foreign Affairs,Oversight and Accountability,Transportation and Infrastructure,
P,California 50th,"Peters, Scott",D,1201 LHOB,(202) 225-0508,Budget,Energy and Commerce,,
P,Colorado 7th,"Pettersen, Brittany",D,1230 LHOB,(202) 225-2645,Financial Services,,,
P,Texas 11th,"Pfluger, August",R,1124 LHOB,(202) 225-3605,Homeland Security,Energy and Commerce,,
P,Minnesota 3rd,"Phillips, Dean",D,2452 RHOB,(202) 225-2871,Foreign Affairs,Small Business,,
P,Maine 1st,"Pingree, Chellie",D,2354 RHOB,(202) 225-6116,Agriculture,Appropriations,,
P,Virgin Islands Delegate,"Plaskett, Stacey",D,2059 RHOB,(202) 225-1790,Select Subcommittee on the Weaponization of the Fed Govt,Intelligence,,
P,Wisconsin 2nd,"Pocan, Mark",D,1026 LHOB,(202) 225-2906,Appropriations,,,
P,California 47th,"Porter, Katie",D,1233 LHOB,(202) 225-5611,Oversight and Accountability,Natural Resources,,
P,Florida 8th,"Posey, Bill",R,2150 RHOB,(202) 225-3671,Financial Services,"Science, Space, and Technology",,
P,Massachusetts 7th,"Pressley, Ayanna",D,402 CHOB,(202) 225-5111,Financial Services,Oversight and Accountability,,
Q,Illinois 5th,"Quigley, Mike",D,2083 RHOB,(202) 225-4061,Appropriations,,,
R,American Samoa Delegate,"Radewagen, Aumua Amata",R,2001 RHOB,(202) 225-8577,Foreign Affairs,Natural Resources,Veterans' Affairs,
R,Illinois 3rd,"Ramirez, Delia",D,1523 LHOB,(202) 225-5701,Homeland Security,Veterans' Affairs,,
R,Maryland 8th,"Raskin, Jamie",D,2242 RHOB,(202) 225-5341,Oversight and Accountability,,,
R,Pennsylvania 14th,"Reschenthaler, Guy",R,342 CHOB,(202) 225-2065,Appropriations,Rules,,
R,Washington 5th,"Rodgers, Cathy",R,2188 RHOB,(202) 225-2006,Energy and Commerce,,,
R,Kentucky 5th,"Rogers, Harold",R,2406 RHOB,(202) 225-4601,Appropriations,,,
R,Alabama 3rd,"Rogers, Mike",R,2469 RHOB,(202) 225-3261,Armed Services,,,
R,Tennessee 6th,"Rose, John",R,2238 RHOB,(202) 225-4231,Agriculture,Financial Services,,
R,Montana 2nd,"Rosendale, Matthew",R,1023 LHOB,(202) 225-3211,Natural Resources,Veterans' Affairs,,
R,North Carolina 2nd,"Ross, Deborah",D,1221 LHOB,(202) 225-3032,Judiciary,Ethics,"Science, Space, and Technology",Select Subcommittee on the Coronavirus Pandemic
R,North Carolina 7th,"Rouzer, David",R,2333 RHOB,(202) 225-2731,Agriculture,Transportation and Infrastructure,,
R,Texas 21st,"Roy, Chip",R,103 CHOB,(202) 225-4236,Budget,Judiciary,Rules,
R,California 25th,"Ruiz, Raul",D,2342 RHOB,(202) 225-5330,Energy and Commerce,Select Subcommittee on the Coronavirus Pandemic,,
R,Maryland 2nd,"Ruppersberger, C.",D,2206 RHOB,(202) 225-3061,Appropriations,,,
R,Florida 5th,"Rutherford, John",R,1711 LHOB,(202) 225-2501,Appropriations,Ethics,,
R,New York 18th,"Ryan, Patrick",D,1030 LHOB,(202) 225-5614,Armed Services,Transportation and Infrastructure,,
S,Northern Mariana Islands Delegate,"Sablan, Gregorio",D,2267 RHOB,(202) 225-2646,Education and the Workforce,Natural Resources,,
S,Florida 27th,"Salazar, Maria",R,2162 RHOB,(202) 225-3931,Foreign Affairs,Small Business,,
S,Oregon 6th,"Salinas, Andrea",D,109 CHOB,(202) 225-5643,Agriculture,"Science, Space, and Technology",,
S,California 38th,"Sanchez, Linda",D,2428 RHOB,(202) 225-6676,Select Subcommittee on the Weaponization of the Fed Govt,Ways and Means,,
S,Maryland 3rd,"Sarbanes, John",D,2370 RHOB,(202) 225-4016,Energy and Commerce,,,
S,Louisiana 1st,"Scalise, Steve",R,2049 RHOB,(202) 225-3015,,,,
S,Pennsylvania 5th,"Scanlon, Mary",D,1227 LHOB,(202) 225-2011,Judiciary,Rules,,
S,Illinois 9th,"Schakowsky, Janice",D,2408 RHOB,(202) 225-2111,Budget,Energy and Commerce,,
S,California 30th,"Schiff, Adam",D,2309 RHOB,(202) 225-4176,Judiciary,,,
S,Illinois 10th,"Schneider, Bradley",D,300 CHOB,(202) 225-4835,Foreign Affairs,Ways and Means,,
S,Michigan 3rd,"Scholten, Hillary",D,1317 LHOB,(202) 225-3831,Transportation and Infrastructure,Small Business,,
S,Washington 8th,"Schrier, Kim",D,1110 LHOB,(202) 225-7761,Energy and Commerce,,,
S,Arizona 1st,"Schweikert, David",R,460 CHOB,(202) 225-2190,Ways and Means,,,
S,Georgia 8th,"Scott, Austin",R,2185 RHOB,(202) 225-6531,Agriculture,Armed Services,Intelligence,
S,Georgia 13th,"Scott, David",D,468 CHOB,(202) 225-2939,Agriculture,Financial Services,,
S,Virginia 3rd,"Scott, Robert",D,2328 RHOB,(202) 225-8351,Budget,Education and the Workforce,,
S,Texas 3rd,"Self, Keith",R,1113 LHOB,(202) 225-4201,Foreign Affairs,Veterans' Affairs,,
S,Texas 17th,"Sessions, Pete",R,2204 RHOB,(202) 225-6105,Financial Services,Oversight and Accountability,,
S,Alabama 7th,"Sewell, Terri",D,1035 LHOB,(202) 225-2665,Armed Services,House Administration,Joint Committee of Congress on the Library,Ways and Means
S,California 32nd,"Sherman, Brad",D,2365 RHOB,(202) 225-5911,Financial Services,Foreign Affairs,,
S,New Jersey 11th,"Sherrill, Mikie",D,1427 LHOB,(202) 225-5034,Armed Services,Select Comm on the Strategic Competition US and China,,
S,Idaho 2nd,"Simpson, Michael",R,2084 RHOB,(202) 225-5531,Appropriations,,,
S,Michigan 7th,"Slotkin, Elissa",D,2245 RHOB,(202) 225-4872,Agriculture,Armed Services,,
S,Washington 9th,"Smith, Adam",D,2264 RHOB,(202) 225-8901,Armed Services,,,
S,Nebraska 3rd,"Smith, Adrian",R,502 CHOB,(202) 225-6435,Joint Committee on Taxation,Ways and Means,,
S,New Jersey 4th,"Smith, Christopher",R,2373 RHOB,(202) 225-3765,Foreign Affairs,,,
S,Missouri 8th,"Smith, Jason",R,1011 LHOB,(202) 225-4404,Joint Committee on Taxation,Ways and Means,,
S,Pennsylvania 11th,"Smucker, Lloyd",R,302 CHOB,(202) 225-2411,Budget,Education and the Workforce,Ways and Means,
S,Illinois 17th,"Sorensen, Eric",D,1205 LHOB,(202) 225-5905,Agriculture,"Science, Space, and Technology",,
S,Florida 9th,"Soto, Darren",D,2353 RHOB,(202) 225-9889,Agriculture,Energy and Commerce,,
S,Virginia 7th,"Spanberger, Abigail",D,562 CHOB,(202) 225-2815,Agriculture,Intelligence,,
S,Indiana 5th,"Spartz, Victoria",R,1609 LHOB,(202) 225-2276,Judiciary,,,
S,New Mexico 1st,"Stansbury, Melanie",D,1421 LHOB,(202) 225-6316,Oversight and Accountability,Natural Resources,,
S,Arizona 4th,"Stanton, Greg",D,207 CHOB,(202) 225-9888,Foreign Affairs,Transportation and Infrastructure,,
S,Minnesota 8th,"Stauber, Pete",R,145 CHOB,(202) 225-6211,Natural Resources,Transportation and Infrastructure,Small Business,
S,California 45th,"Steel, Michelle",R,1127 LHOB,(202) 225-2415,Education and the Workforce,Ways and Means,Select Comm on the Strategic Competition US and China,
S,New York 21st,"Stefanik, Elise",R,2211 RHOB,(202) 225-4611,Armed Services,Education and the Workforce,Select Subcommittee on the Weaponization of the Fed Govt,Intelligence
S,Wisconsin 1st,"Steil, Bryan",R,1526 LHOB,(202) 225-3031,Financial Services,House Administration,Joint Committee of Congress on the Library,
S,Florida 17th,"Steube, W.",R,2457 RHOB,(202) 225-5792,Select Subcommittee on the Weaponization of the Fed Govt,Ways and Means,,
S,Michigan 11th,"Stevens, Haley",D,2411 RHOB,(202) 225-8171,Education and the Workforce,"Science, Space, and Technology",Select Comm on the Strategic Competition US and China,
S,Washington 10th,"Strickland, Marilyn",D,1708 LHOB,(202) 225-9740,Armed Services,Transportation and Infrastructure,,
S,Alabama 5th,"Strong, Dale",R,1337 LHOB,(202) 225-4801,Armed Services,Homeland Security,"Science, Space, and Technology",
S,New York 3rd,"Suozzi, Thomas R.",D,1117 LHOB,(202) 225-3335,Homeland Security,,,
S,California 14th,"Swalwell, Eric",D,174 CHOB,(202) 225-5065,Homeland Security,Judiciary,,
S,Ohio 13th,"Sykes, Emilia",D,1217 LHOB,(202) 225-6265,Transportation and Infrastructure,"Science, Space, and Technology",,
T,California 39th,"Takano, Mark",D,2078 RHOB,(202) 225-2305,Education and the Workforce,Veterans' Affairs,,
T,New York 24th,"Tenney, Claudia",R,2349 RHOB,(202) 225-3665,"Science, Space, and Technology",Ways and Means,,
T,Michigan 13th,"Thanedar, Shri",D,1039 LHOB,(202) 225-5802,Homeland Security,Small Business,,
T,Mississippi 2nd,"Thompson, Bennie",D,2466 RHOB,(202) 225-5876,Homeland Security,,,
T,Pennsylvania 15th,"Thompson, Glenn",R,400 CHOB,(202) 225-5121,Agriculture,Education and the Workforce,,
T,California 4th,"Thompson, Mike",D,268 CHOB,(202) 225-3311,Ways and Means,,,
T,Wisconsin 7th,"Tiffany, Thomas",R,451 CHOB,(202) 225-3365,Natural Resources,Judiciary,,
T,South Carolina 4th,"Timmons, William",R,267 CHOB,(202) 225-6030,Financial Services,Oversight and Accountability,,
T,Nevada 1st,"Titus, Dina",D,2464 RHOB,(202) 225-5965,Foreign Affairs,Transportation and Infrastructure,,
T,Michigan 12th,"Tlaib, Rashida",D,2438 RHOB,(202) 225-5126,Financial Services,Oversight and Accountability,,
T,Hawaii 2nd,"Tokuda, Jill",D,1005 LHOB,(202) 225-4906,Agriculture,Armed Services,Select Subcommittee on the Coronavirus Pandemic,
T,New York 20th,"Tonko, Paul",D,2369 RHOB,(202) 225-5076,Energy and Commerce,"Science, Space, and Technology",,
T,California 35th,"Torres, Norma",D,2227 RHOB,(202) 225-6161,Appropriations,House Administration,,
T,New York 15th,"Torres, Ritchie",D,1414 LHOB,(202) 225-4361,Financial Services,Select Comm on the Strategic Competition US and China,,
T,Massachusetts 3rd,"Trahan, Lori",D,2439 RHOB,(202) 225-3411,Energy and Commerce,,,
T,Maryland 6th,"Trone, David",D,2404 RHOB,(202) 225-2721,Appropriations,Budget,,
T,Ohio 10th,"Turner, Michael",R,2183 RHOB,(202) 225-6465,Armed Services,Oversight and Accountability,Intelligence,
U,Illinois 14th,"Underwood, Lauren",D,1410 LHOB,(202) 225-2976,Appropriations,,,
V,California 22nd,"Valadao, David",R,2465 RHOB,(202) 225-4695,Appropriations,Budget,,
V,New Jersey 2nd,"Van Drew, Jefferson",R,2447 RHOB,(202) 225-6572,Judiciary,Transportation and Infrastructure,,
V,Texas 24th,"Van Duyne, Beth",R,1725 LHOB,(202) 225-6605,Small Business,Ways and Means,,
V,Wisconsin 3rd,"Van Orden, Derrick",R,1513 LHOB,(202) 225-5506,Agriculture,Transportation and Infrastructure,Veterans' Affairs,
V,California 52nd,"Vargas, Juan",D,2334 RHOB,(202) 225-8045,Financial Services,,,
V,New Mexico 2nd,"Vasquez, Gabe",D,1517 LHOB,(202) 225-2365,Agriculture,Armed Services,,
V,Texas 33rd,"Veasey, Marc",D,2348 RHOB,(202) 225-9897,Armed Services,Energy and Commerce,,
V,New York 7th,"Velazquez, Nydia",D,2302 RHOB,(202) 225-2361,Financial Services,Natural Resources,Small Business,
W,Missouri 2nd,"Wagner, Ann",R,2350 RHOB,(202) 225-1621,Financial Services,Foreign Affairs,,
W,Michigan 5th,"Walberg, Tim",R,2266 RHOB,(202) 225-6276,Education and the Workforce,Energy and Commerce,,
W,Florida 6th,"Waltz, Michael",R,244 CHOB,(202) 225-2706,Armed Services,Foreign Affairs,Oversight and Accountability,Intelligence
W,Florida 25th,"Wasserman Schultz, Debbie",D,270 CHOB,(202) 225-7931,Appropriations,Select Subcommittee on the Weaponization of the Fed Govt,,
W,California 43rd,"Waters, Maxine",D,2221 RHOB,(202) 225-2201,Financial Services,,,
W,New Jersey 12th,"Watson Coleman, Bonnie",D,168 CHOB,(202) 225-5801,Appropriations,,,
W,Texas 14th,"Weber, Randy",R,107 CHOB,(202) 225-2831,Energy and Commerce,"Science, Space, and Technology",,
W,Florida 11th,"Webster, Daniel",R,2184 RHOB,(202) 225-1002,Natural Resources,Transportation and Infrastructure,"Science, Space, and Technology",
W,Ohio 2nd,"Wenstrup, Brad",R,2335 RHOB,(202) 225-3164,Intelligence,Select Subcommittee on the Coronavirus Pandemic,Ways and Means,
W,Arkansas 4th,"Westerman, Bruce",R,202 CHOB,(202) 225-3772,Natural Resources,Transportation and Infrastructure,,
W,Virginia 10th,"Wexton, Jennifer",D,1210 LHOB,(202) 225-5136,Appropriations,Budget,,
W,Pennsylvania 7th,"Wild, Susan",D,1027 LHOB,(202) 225-6411,Education and the Workforce,Foreign Affairs,Ethics,
W,New York 22nd,"Williams, Brandon",R,1022 LHOB,(202) 225-3701,Education and the Workforce,Transportation and Infrastructure,"Science, Space, and Technology",
W,Georgia 5th,"Williams, Nikema",D,1406 LHOB,(202) 225-3801,Financial Services,,,
W,Texas 25th,"Williams, Roger",R,2336 RHOB,(202) 225-9896,Financial Services,Small Business,,
W,Florida 24th,"Wilson, Frederica",D,2080 RHOB,(202) 225-4506,Education and the Workforce,Transportation and Infrastructure,,
W,South Carolina 2nd,"Wilson, Joe",R,1436 LHOB,(202) 225-2452,Armed Services,Education and the Workforce,Foreign Affairs,
W,Virginia 1st,"Wittman, Robert",R,2055 RHOB,(202) 225-4261,Armed Services,Natural Resources,Select Comm on the Strategic Competition US and China,
W,Arkansas 3rd,"Womack, Steve",R,2412 RHOB,(202) 225-4301,Appropriations,,,
Y,Indiana 2nd,"Yakym, Rudy",R,349 CHOB,(202) 225-3915,Budget,Transportation and Infrastructure,,
Z,Montana 1st,"Zinke, Ryan",R,512 CHOB,(202) 225-5628,Appropriations,"Science, Space, and Technology",,
